timestamp,co2,temp,humidity,pm2
2026-06-15T21:00:00.000Z,708.0,25.16,44.83,1.0
2026-06-15T21:01:00.000Z,705.0,25.17,44.77,1.0
2026-06-15T21:02:00.000Z,707.0,25.18,44.67,1.0
2026-06-15T21:03:00.000Z,711.0,25.18,44.6,1.0
2026-06-15T21:04:00.000Z,718.0,25.19,44.56,0.0
2026-06-15T21:05:00.000Z,728.0,25.2,44.54,1.0
2026-06-15T21:06:00.000Z,725.0,25.21,44.49,1.0
2026-06-15T21:07:00.000Z,719.0,25.21,44.47,1.0
2026-06-15T21:08:00.000Z,701.0,25.19,44.47,1.0
2026-06-15T21:09:00.000Z,674.0,25.15,44.4,1.0
2026-06-15T21:10:00.000Z,622.0,25.09,44.34,0.0
2026-06-15T21:11:00.000Z,585.0,25.02,44.3,0.0
2026-06-15T21:12:00.000Z,574.0,24.99,44.3,0.0
2026-06-15T21:13:00.000Z,535.0,24.94,44.29,0.0
2026-06-15T21:14:00.000Z,501.0,24.89,44.31,0.0
2026-06-15T21:15:00.000Z,520.0,24.86,44.4,0.0
2026-06-15T21:16:00.000Z,543.0,24.83,44.54,0.0
2026-06-15T21:17:00.000Z,563.0,24.8,44.67,0.0
2026-06-15T21:18:00.000Z,572.0,24.79,44.78,0.0
2026-06-15T21:19:00.000Z,557.0,24.77,44.88,0.0
2026-06-15T21:20:00.000Z,558.0,24.76,44.96,0.0
2026-06-15T21:21:00.000Z,567.0,24.75,45.01,0.0
2026-06-15T21:22:00.000Z,578.0,24.75,45.04,0.0
2026-06-15T21:23:00.000Z,593.0,24.74,45.08,0.0
2026-06-15T21:24:00.000Z,597.0,24.73,45.11,0.0
2026-06-15T21:25:00.000Z,591.0,24.72,45.14,0.0
2026-06-15T21:26:00.000Z,592.0,24.72,45.17,0.0
2026-06-15T21:27:00.000Z,594.0,24.71,45.19,0.0
2026-06-15T21:28:00.000Z,603.0,24.7,45.2,0.0
2026-06-15T21:29:00.000Z,596.0,24.7,45.21,0.0
2026-06-15T21:30:00.000Z,576.0,24.69,45.22,0.0
2026-06-15T21:31:00.000Z,597.0,24.69,45.24,0.0
2026-06-15T21:32:00.000Z,624.0,24.69,45.27,0.0
2026-06-15T21:33:00.000Z,639.0,24.69,45.29,0.0
2026-06-15T21:34:00.000Z,621.0,24.68,45.28,0.0
2026-06-15T21:35:00.000Z,611.0,24.68,45.29,0.0
2026-06-15T21:36:00.000Z,590.0,24.68,45.3,0.0
2026-06-15T21:37:00.000Z,579.0,24.68,45.31,0.0
2026-06-15T21:38:00.000Z,606.0,24.68,45.33,0.0
2026-06-15T21:39:00.000Z,611.0,24.66,45.34,0.0
2026-06-15T21:40:00.000Z,609.0,24.64,45.4,0.0
2026-06-15T21:41:00.000Z,607.0,24.62,45.43,0.0
2026-06-15T21:42:00.000Z,617.0,24.6,45.44,0.0
2026-06-15T21:43:00.000Z,610.0,24.61,45.45,0.0
2026-06-15T21:44:00.000Z,613.0,24.6,45.45,0.0
2026-06-15T21:45:00.000Z,587.0,24.62,45.45,0.0
2026-06-15T21:46:00.000Z,573.0,24.63,45.43,0.0
2026-06-15T21:47:00.000Z,600.0,24.64,45.42,0.0
2026-06-15T21:48:00.000Z,601.0,24.64,45.41,0.0
2026-06-15T21:49:00.000Z,587.0,24.64,45.4,0.0
2026-06-15T21:50:00.000Z,575.0,24.64,45.37,0.0
2026-06-15T21:51:00.000Z,590.0,24.65,45.35,0.0
2026-06-15T21:52:00.000Z,599.0,24.65,45.33,0.0
2026-06-15T21:53:00.000Z,602.0,24.65,45.3,0.0
2026-06-15T21:54:00.000Z,604.0,24.65,45.28,0.0
2026-06-15T21:55:00.000Z,606.0,24.65,45.25,0.0
2026-06-15T21:56:00.000Z,610.0,24.66,45.23,0.0
2026-06-15T21:57:00.000Z,611.0,24.65,45.21,0.0
2026-06-15T21:58:00.000Z,597.0,24.65,45.19,0.0
2026-06-15T21:59:00.000Z,592.0,24.65,45.17,0.0
2026-06-15T22:00:00.000Z,591.0,24.65,45.14,0.0
2026-06-15T22:01:00.000Z,594.0,24.64,45.12,0.0
2026-06-15T22:02:00.000Z,604.0,24.64,45.1,0.0
2026-06-15T22:03:00.000Z,605.0,24.64,45.07,0.0
2026-06-15T22:04:00.000Z,590.0,24.63,45.05,0.0
2026-06-15T22:05:00.000Z,592.0,24.63,45.03,0.0
2026-06-15T22:06:00.000Z,595.0,24.63,45.01,0.0
2026-06-15T22:07:00.000Z,604.0,24.64,45.02,0.0
2026-06-15T22:08:00.000Z,612.0,24.64,45.03,0.0
2026-06-15T22:09:00.000Z,610.0,24.63,45.07,0.0
2026-06-15T22:10:00.000Z,606.0,24.63,45.06,0.0
2026-06-15T22:11:00.000Z,598.0,24.62,45.09,0.0
2026-06-15T22:12:00.000Z,599.0,24.62,45.1,0.0
2026-06-15T22:13:00.000Z,605.0,24.62,45.14,0.0
2026-06-15T22:14:00.000Z,615.0,24.61,45.17,0.0
2026-06-15T22:15:00.000Z,628.0,24.61,45.19,0.0
2026-06-15T22:16:00.000Z,644.0,24.6,45.21,0.0
2026-06-15T22:17:00.000Z,644.0,24.6,45.23,0.0
2026-06-15T22:18:00.000Z,637.0,24.59,45.24,0.0
2026-06-15T22:19:00.000Z,631.0,24.59,45.24,0.0
2026-06-15T22:20:00.000Z,641.0,24.58,45.28,0.0
2026-06-15T22:21:00.000Z,661.0,24.58,45.29,0.0
2026-06-15T22:22:00.000Z,666.0,24.57,45.32,0.0
2026-06-15T22:23:00.000Z,674.0,24.57,45.33,0.0
2026-06-15T22:24:00.000Z,673.0,24.56,45.33,0.0
2026-06-15T22:25:00.000Z,679.0,24.56,45.34,0.0
2026-06-15T22:26:00.000Z,676.0,24.56,45.36,0.0
2026-06-15T22:27:00.000Z,676.0,24.55,45.36,0.0
2026-06-15T22:28:00.000Z,674.0,24.54,45.37,0.0
2026-06-15T22:29:00.000Z,669.0,24.54,45.39,0.0
2026-06-15T22:30:00.000Z,684.0,24.53,45.4,0.0
2026-06-15T22:31:00.000Z,686.0,24.53,45.42,0.0
2026-06-15T22:32:00.000Z,688.0,24.53,45.43,0.0
2026-06-15T22:33:00.000Z,688.0,24.52,45.44,0.0
2026-06-15T22:34:00.000Z,695.0,24.52,45.44,0.0
2026-06-15T22:35:00.000Z,698.0,24.51,45.44,0.0
2026-06-15T22:36:00.000Z,700.0,24.51,45.44,0.0
2026-06-15T22:37:00.000Z,705.0,24.5,45.44,0.0
2026-06-15T22:38:00.000Z,696.0,24.5,45.43,0.0
2026-06-15T22:39:00.000Z,682.0,24.5,45.43,0.0
2026-06-15T22:40:00.000Z,686.0,24.49,45.43,0.0
2026-06-15T22:41:00.000Z,691.0,24.49,45.44,0.0
2026-06-15T22:42:00.000Z,694.0,24.49,45.45,0.0
2026-06-15T22:43:00.000Z,696.0,24.48,45.46,0.0
2026-06-15T22:44:00.000Z,695.0,24.48,45.48,0.0
2026-06-15T22:45:00.000Z,693.0,24.48,45.49,0.0
2026-06-15T22:46:00.000Z,693.0,24.48,45.5,0.0
2026-06-15T22:47:00.000Z,687.0,24.47,45.5,0.0
2026-06-15T22:48:00.000Z,707.0,24.47,45.5,0.0
2026-06-15T22:49:00.000Z,725.0,24.47,45.5,0.0
2026-06-15T22:50:00.000Z,725.0,24.46,45.51,0.0
2026-06-15T22:51:00.000Z,717.0,24.46,45.51,0.0
2026-06-15T22:52:00.000Z,705.0,24.46,45.51,0.0
2026-06-15T22:53:00.000Z,701.0,24.46,45.5,0.0
2026-06-15T22:54:00.000Z,697.0,24.46,45.49,0.0
2026-06-15T22:55:00.000Z,704.0,24.45,45.51,0.0
2026-06-15T22:56:00.000Z,703.0,24.46,45.5,0.0
2026-06-15T22:57:00.000Z,700.0,24.45,45.5,0.0
2026-06-15T22:58:00.000Z,703.0,24.45,45.5,0.0
2026-06-15T22:59:00.000Z,712.0,24.45,45.52,0.0
2026-06-15T23:00:00.000Z,719.0,24.45,45.53,0.0
2026-06-15T23:01:00.000Z,705.0,24.45,45.55,0.0
2026-06-15T23:02:00.000Z,706.0,24.46,45.57,0.0
2026-06-15T23:03:00.000Z,711.0,24.46,45.57,0.0
2026-06-15T23:04:00.000Z,706.0,24.46,45.54,0.0
2026-06-15T23:05:00.000Z,707.0,24.46,45.48,0.0
2026-06-15T23:06:00.000Z,674.0,24.43,44.64,0.0
2026-06-15T23:07:00.000Z,649.0,24.37,43.89,0.0
2026-06-15T23:08:00.000Z,630.0,24.32,43.97,0.0
2026-06-15T23:09:00.000Z,621.0,24.27,43.98,1.0
2026-06-15T23:10:00.000Z,624.0,24.25,44.03,1.0
2026-06-15T23:11:00.000Z,631.0,24.23,44.08,1.0
2026-06-15T23:12:00.000Z,611.0,24.17,44.06,1.0
2026-06-15T23:13:00.000Z,596.0,24.14,44.03,1.0
2026-06-15T23:14:00.000Z,551.0,24.05,44.01,1.0
2026-06-15T23:15:00.000Z,530.0,23.94,44.02,1.0
2026-06-15T23:16:00.000Z,512.0,23.84,44.04,1.0
2026-06-15T23:17:00.000Z,503.0,23.73,44.08,1.0
2026-06-15T23:18:00.000Z,502.0,23.65,44.13,1.0
2026-06-15T23:19:00.000Z,483.0,23.59,44.17,1.0
2026-06-15T23:20:00.000Z,464.0,23.51,44.21,1.0
2026-06-15T23:21:00.000Z,443.0,23.45,44.26,1.0
2026-06-15T23:22:00.000Z,422.0,23.38,44.32,1.0
2026-06-15T23:23:00.000Z,402.0,23.33,44.38,0.0
2026-06-15T23:24:00.000Z,394.0,23.28,44.45,0.0
2026-06-15T23:25:00.000Z,393.0,23.22,44.51,0.0
2026-06-15T23:26:00.000Z,393.0,23.17,44.56,1.0
2026-06-15T23:27:00.000Z,391.0,23.13,44.59,1.0
2026-06-15T23:28:00.000Z,396.0,23.07,44.61,1.0
2026-06-15T23:29:00.000Z,397.0,23.04,44.64,1.0
2026-06-15T23:30:00.000Z,401.0,23.0,44.67,0.0
2026-06-15T23:31:00.000Z,403.0,22.96,44.7,0.0
2026-06-15T23:32:00.000Z,411.0,22.92,44.73,1.0
2026-06-15T23:33:00.000Z,423.0,22.88,44.77,0.0
2026-06-15T23:34:00.000Z,424.0,22.85,44.8,0.0
2026-06-15T23:35:00.000Z,409.0,22.82,44.84,1.0
2026-06-15T23:36:00.000Z,397.0,22.8,44.87,0.0
2026-06-15T23:37:00.000Z,391.0,22.78,44.88,0.0
2026-06-15T23:38:00.000Z,392.0,22.75,44.9,0.0
2026-06-15T23:39:00.000Z,391.0,22.71,44.92,0.0
2026-06-15T23:40:00.000Z,394.0,22.68,44.95,0.0
2026-06-15T23:41:00.000Z,407.0,22.65,44.97,0.0
2026-06-15T23:42:00.000Z,409.0,22.62,45.0,0.0
2026-06-15T23:43:00.000Z,402.0,22.59,45.02,0.0
2026-06-15T23:44:00.000Z,410.0,22.56,45.03,0.0
2026-06-15T23:45:00.000Z,430.0,22.52,45.05,1.0
2026-06-15T23:46:00.000Z,437.0,22.49,45.08,1.0
2026-06-15T23:47:00.000Z,429.0,22.46,45.11,1.0
2026-06-15T23:48:00.000Z,439.0,22.44,45.15,0.0
2026-06-15T23:49:00.000Z,452.0,22.41,45.19,0.0
2026-06-15T23:50:00.000Z,440.0,22.38,45.23,0.0
2026-06-15T23:51:00.000Z,428.0,22.35,45.28,0.0
2026-06-15T23:52:00.000Z,426.0,22.33,45.3,0.0
2026-06-15T23:53:00.000Z,426.0,22.3,45.33,0.0
2026-06-15T23:54:00.000Z,412.0,22.26,45.36,0.0
2026-06-15T23:55:00.000Z,408.0,22.23,45.4,0.0
2026-06-15T23:56:00.000Z,408.0,22.21,45.45,0.0
2026-06-15T23:57:00.000Z,405.0,22.19,45.48,0.0
2026-06-15T23:58:00.000Z,396.0,22.15,45.52,0.0
2026-06-15T23:59:00.000Z,398.0,22.13,45.55,0.0
2026-06-16T00:00:00.000Z,411.0,22.1,45.58,0.0
2026-06-16T00:01:00.000Z,418.0,22.09,45.6,0.0
2026-06-16T00:02:00.000Z,420.0,22.06,45.63,0.0
2026-06-16T00:03:00.000Z,430.0,22.03,45.66,0.0
2026-06-16T00:04:00.000Z,427.0,22.01,45.69,0.0
2026-06-16T00:05:00.000Z,418.0,21.99,45.72,1.0
2026-06-16T00:06:00.000Z,411.0,21.97,45.74,1.0
2026-06-16T00:07:00.000Z,397.0,21.94,45.77,1.0
2026-06-16T00:08:00.000Z,395.0,21.93,45.8,0.0
2026-06-16T00:09:00.000Z,396.0,21.9,45.84,0.0
2026-06-16T00:10:00.000Z,407.0,21.88,45.88,0.0
2026-06-16T00:11:00.000Z,416.0,21.86,45.94,0.0
2026-06-16T00:12:00.000Z,416.0,21.84,45.99,0.0
2026-06-16T00:13:00.000Z,411.0,21.82,46.04,0.0
2026-06-16T00:14:00.000Z,413.0,21.79,46.08,0.0
2026-06-16T00:15:00.000Z,402.0,21.77,46.11,0.0
2026-06-16T00:16:00.000Z,393.0,21.74,46.16,0.0
2026-06-16T00:17:00.000Z,392.0,21.7,46.2,0.0
2026-06-16T00:18:00.000Z,399.0,21.65,48.37,0.0
2026-06-16T00:19:00.000Z,422.0,21.62,48.21,1.0
2026-06-16T00:20:00.000Z,449.0,21.59,48.22,1.0
2026-06-16T00:21:00.000Z,465.0,21.57,48.17,1.0
2026-06-16T00:22:00.000Z,457.0,21.57,48.11,0.0
2026-06-16T00:23:00.000Z,468.0,21.57,48.08,0.0
2026-06-16T00:24:00.000Z,480.0,21.58,48.04,0.0
2026-06-16T00:25:00.000Z,480.0,21.59,48.03,0.0
2026-06-16T00:26:00.000Z,478.0,21.59,48.0,0.0
2026-06-16T00:27:00.000Z,473.0,21.59,47.98,0.0
2026-06-16T00:28:00.000Z,457.0,21.59,47.96,0.0
2026-06-16T00:29:00.000Z,454.0,21.59,47.93,0.0
2026-06-16T00:30:00.000Z,459.0,21.59,47.91,0.0
2026-06-16T00:31:00.000Z,463.0,21.59,47.88,0.0
2026-06-16T00:32:00.000Z,463.0,21.59,47.85,0.0
2026-06-16T00:33:00.000Z,459.0,21.59,47.84,1.0
2026-06-16T00:34:00.000Z,458.0,21.58,47.83,0.0
2026-06-16T00:35:00.000Z,461.0,21.58,47.82,0.0
2026-06-16T00:36:00.000Z,467.0,21.57,47.82,0.0
2026-06-16T00:37:00.000Z,473.0,21.58,47.81,0.0
2026-06-16T00:38:00.000Z,469.0,21.58,47.79,0.0
2026-06-16T00:39:00.000Z,469.0,21.57,47.76,0.0
2026-06-16T00:40:00.000Z,473.0,21.56,47.74,0.0
2026-06-16T00:41:00.000Z,469.0,21.57,47.72,0.0
2026-06-16T00:42:00.000Z,471.0,21.56,47.7,0.0
2026-06-16T00:43:00.000Z,472.0,21.56,47.69,0.0
2026-06-16T00:44:00.000Z,471.0,21.56,47.7,0.0
2026-06-16T00:45:00.000Z,491.0,21.55,47.69,0.0
2026-06-16T00:46:00.000Z,499.0,21.55,47.68,0.0
2026-06-16T00:47:00.000Z,500.0,21.55,47.68,0.0
2026-06-16T00:48:00.000Z,495.0,21.54,47.67,1.0
2026-06-16T00:49:00.000Z,481.0,21.54,47.67,1.0
2026-06-16T00:50:00.000Z,470.0,21.53,47.67,0.0
2026-06-16T00:51:00.000Z,461.0,21.52,47.68,0.0
2026-06-16T00:52:00.000Z,457.0,21.52,47.68,0.0
2026-06-16T00:53:00.000Z,450.0,21.51,47.68,0.0
2026-06-16T00:54:00.000Z,467.0,21.51,47.68,0.0
2026-06-16T00:55:00.000Z,483.0,21.5,47.68,0.0
2026-06-16T00:56:00.000Z,490.0,21.5,47.68,0.0
2026-06-16T00:57:00.000Z,490.0,21.49,47.68,0.0
2026-06-16T00:58:00.000Z,480.0,21.48,47.68,0.0
2026-06-16T00:59:00.000Z,485.0,21.47,47.67,0.0
2026-06-16T01:00:00.000Z,492.0,21.48,47.68,0.0
2026-06-16T01:01:00.000Z,487.0,21.52,47.7,0.0
2026-06-16T01:02:00.000Z,485.0,21.55,47.71,0.0
2026-06-16T01:03:00.000Z,500.0,21.6,47.74,0.0
2026-06-16T01:04:00.000Z,506.0,21.63,47.77,0.0
2026-06-16T01:05:00.000Z,482.0,21.66,47.8,0.0
2026-06-16T01:06:00.000Z,494.0,21.69,47.82,0.0
2026-06-16T01:07:00.000Z,504.0,21.73,47.84,0.0
2026-06-16T01:08:00.000Z,505.0,21.75,47.85,0.0
2026-06-16T01:09:00.000Z,519.0,21.78,47.86,0.0
2026-06-16T01:10:00.000Z,532.0,21.79,47.86,0.0
2026-06-16T01:11:00.000Z,553.0,21.83,47.86,0.0
2026-06-16T01:12:00.000Z,558.0,21.86,47.86,0.0
2026-06-16T01:13:00.000Z,573.0,21.93,47.86,0.0
2026-06-16T01:14:00.000Z,587.0,22.01,47.84,0.0
2026-06-16T01:15:00.000Z,599.0,22.09,47.73,0.0
2026-06-16T01:16:00.000Z,605.0,22.16,47.68,0.0
2026-06-16T01:17:00.000Z,606.0,22.23,47.63,0.0
2026-06-16T01:18:00.000Z,603.0,22.28,47.58,0.0
2026-06-16T01:19:00.000Z,600.0,22.33,47.51,0.0
2026-06-16T01:20:00.000Z,600.0,22.39,47.43,0.0
2026-06-16T01:21:00.000Z,587.0,22.43,47.36,0.0
2026-06-16T01:22:00.000Z,598.0,22.47,47.29,0.0
2026-06-16T01:23:00.000Z,609.0,22.51,47.23,0.0
2026-06-16T01:24:00.000Z,627.0,22.54,47.16,0.0
2026-06-16T01:25:00.000Z,639.0,22.57,47.12,0.0
2026-06-16T01:26:00.000Z,643.0,22.61,46.99,0.0
2026-06-16T01:27:00.000Z,647.0,22.64,46.96,0.0
2026-06-16T01:28:00.000Z,654.0,22.67,46.88,0.0
2026-06-16T01:29:00.000Z,672.0,22.7,46.79,0.0
2026-06-16T01:30:00.000Z,681.0,22.73,46.73,0.0
2026-06-16T01:31:00.000Z,681.0,22.76,46.69,0.0
2026-06-16T01:32:00.000Z,658.0,22.78,46.63,0.0
2026-06-16T01:33:00.000Z,656.0,22.79,46.63,0.0
2026-06-16T01:34:00.000Z,683.0,22.82,46.55,0.0
2026-06-16T01:35:00.000Z,692.0,22.85,46.57,0.0
2026-06-16T01:36:00.000Z,710.0,22.87,46.56,0.0
2026-06-16T01:37:00.000Z,716.0,22.89,46.57,0.0
2026-06-16T01:38:00.000Z,725.0,22.91,46.59,0.0
2026-06-16T01:39:00.000Z,731.0,22.93,46.58,0.0
2026-06-16T01:40:00.000Z,728.0,22.96,46.54,0.0
2026-06-16T01:41:00.000Z,726.0,22.99,46.53,0.0
2026-06-16T01:42:00.000Z,722.0,23.01,46.53,0.0
2026-06-16T01:43:00.000Z,740.0,23.03,46.53,0.0
2026-06-16T01:44:00.000Z,768.0,23.05,46.48,0.0
2026-06-16T01:45:00.000Z,770.0,23.07,46.48,0.0
2026-06-16T01:46:00.000Z,773.0,23.08,46.45,0.0
2026-06-16T01:47:00.000Z,776.0,23.09,46.42,0.0
2026-06-16T01:48:00.000Z,767.0,23.11,46.37,0.0
2026-06-16T01:49:00.000Z,751.0,23.12,46.33,0.0
2026-06-16T01:50:00.000Z,761.0,23.13,46.3,0.0
2026-06-16T01:51:00.000Z,772.0,23.15,46.28,0.0
2026-06-16T01:52:00.000Z,756.0,23.16,46.19,0.0
2026-06-16T01:53:00.000Z,739.0,23.18,46.12,0.0
2026-06-16T01:54:00.000Z,720.0,23.2,46.09,0.0
2026-06-16T01:55:00.000Z,731.0,23.21,46.08,0.0
2026-06-16T01:56:00.000Z,736.0,23.22,46.05,0.0
2026-06-16T01:57:00.000Z,736.0,23.23,46.02,0.0
2026-06-16T01:58:00.000Z,744.0,23.24,45.95,0.0
2026-06-16T01:59:00.000Z,749.0,23.25,45.93,0.0
2026-06-16T02:00:00.000Z,757.0,23.27,45.87,0.0
2026-06-16T02:01:00.000Z,740.0,23.29,45.75,0.0
2026-06-16T02:02:00.000Z,722.0,23.31,45.64,0.0
2026-06-16T02:03:00.000Z,715.0,23.33,45.6,0.0
2026-06-16T02:04:00.000Z,714.0,23.35,45.55,0.0
2026-06-16T02:05:00.000Z,704.0,23.37,45.5,0.0
2026-06-16T02:06:00.000Z,698.0,23.38,45.46,0.0
2026-06-16T02:07:00.000Z,705.0,23.39,45.45,0.0
2026-06-16T02:08:00.000Z,710.0,23.39,45.44,0.0
2026-06-16T02:09:00.000Z,715.0,23.4,45.46,0.0
2026-06-16T02:10:00.000Z,723.0,23.4,45.46,0.0
2026-06-16T02:11:00.000Z,715.0,23.4,45.45,0.0
2026-06-16T02:12:00.000Z,693.0,23.41,45.44,0.0
2026-06-16T02:13:00.000Z,689.0,23.41,45.44,0.0
2026-06-16T02:14:00.000Z,699.0,23.42,45.43,0.0
2026-06-16T02:15:00.000Z,707.0,23.42,45.44,0.0
2026-06-16T02:16:00.000Z,714.0,23.43,45.44,0.0
2026-06-16T02:17:00.000Z,713.0,23.43,45.43,0.0
2026-06-16T02:18:00.000Z,711.0,23.45,45.41,0.0
2026-06-16T02:19:00.000Z,726.0,23.46,45.43,0.0
2026-06-16T02:20:00.000Z,746.0,23.48,45.42,0.0
2026-06-16T02:21:00.000Z,750.0,23.49,45.42,0.0
2026-06-16T02:22:00.000Z,738.0,23.5,45.43,0.0
2026-06-16T02:23:00.000Z,725.0,23.51,45.41,0.0
2026-06-16T02:24:00.000Z,726.0,23.51,45.41,0.0
2026-06-16T02:25:00.000Z,719.0,23.52,45.39,0.0
2026-06-16T02:26:00.000Z,722.0,23.53,45.37,0.0
2026-06-16T02:27:00.000Z,734.0,23.54,45.38,0.0
2026-06-16T02:28:00.000Z,719.0,23.55,45.38,0.0
2026-06-16T02:29:00.000Z,721.0,23.56,45.37,0.0
2026-06-16T02:30:00.000Z,743.0,23.57,45.36,0.0
2026-06-16T02:31:00.000Z,734.0,23.58,45.33,0.0
2026-06-16T02:32:00.000Z,731.0,23.59,45.33,0.0
2026-06-16T02:33:00.000Z,722.0,23.59,45.31,0.0
2026-06-16T02:34:00.000Z,729.0,23.59,45.3,0.0
2026-06-16T02:35:00.000Z,745.0,23.59,45.32,0.0
2026-06-16T02:36:00.000Z,751.0,23.6,45.34,0.0
2026-06-16T02:37:00.000Z,760.0,23.62,45.33,0.0
2026-06-16T02:38:00.000Z,757.0,23.63,45.26,0.0
2026-06-16T02:39:00.000Z,771.0,23.65,45.26,0.0
2026-06-16T02:40:00.000Z,796.0,23.67,45.28,0.0
2026-06-16T02:41:00.000Z,798.0,23.68,45.28,0.0
2026-06-16T02:42:00.000Z,769.0,23.7,45.14,0.0
2026-06-16T02:43:00.000Z,755.0,23.71,45.16,0.0
2026-06-16T02:44:00.000Z,779.0,23.72,45.23,0.0
2026-06-16T02:45:00.000Z,808.0,23.73,45.54,0.0
2026-06-16T02:46:00.000Z,824.0,23.75,46.21,0.0
2026-06-16T02:47:00.000Z,834.0,23.76,46.93,0.0
2026-06-16T02:48:00.000Z,848.0,23.76,47.89,0.0
2026-06-16T02:49:00.000Z,846.0,23.76,50.06,0.0
2026-06-16T02:50:00.000Z,862.0,23.77,49.06,0.0
2026-06-16T02:51:00.000Z,884.0,23.78,49.17,0.0
2026-06-16T02:52:00.000Z,893.0,23.77,49.16,0.0
2026-06-16T02:53:00.000Z,900.0,23.77,49.29,0.0
2026-06-16T02:54:00.000Z,896.0,23.77,49.75,0.0
2026-06-16T02:55:00.000Z,877.0,23.77,49.78,0.0
2026-06-16T02:56:00.000Z,876.0,23.76,49.73,0.0
2026-06-16T02:57:00.000Z,878.0,23.76,49.76,0.0
2026-06-16T02:58:00.000Z,897.0,23.77,49.54,0.0
2026-06-16T02:59:00.000Z,920.0,23.77,49.41,0.0
2026-06-16T03:00:00.000Z,937.0,23.78,49.34,0.0
2026-06-16T03:01:00.000Z,937.0,23.77,49.25,0.0
2026-06-16T03:02:00.000Z,935.0,23.77,49.19,0.0
2026-06-16T03:03:00.000Z,939.0,23.77,49.15,0.0
2026-06-16T03:04:00.000Z,942.0,23.76,49.16,0.0
2026-06-16T03:05:00.000Z,949.0,23.76,49.16,0.0
2026-06-16T03:06:00.000Z,951.0,23.74,49.2,0.0
2026-06-16T03:07:00.000Z,955.0,23.74,49.25,0.0
2026-06-16T03:08:00.000Z,949.0,23.73,49.28,0.0
2026-06-16T03:09:00.000Z,921.0,23.73,49.35,0.0
2026-06-16T03:10:00.000Z,927.0,23.74,49.42,0.0
2026-06-16T03:11:00.000Z,937.0,23.75,49.49,0.0
2026-06-16T03:12:00.000Z,941.0,23.77,49.64,1.0
2026-06-16T03:13:00.000Z,929.0,23.77,49.93,1.0
2026-06-16T03:14:00.000Z,911.0,23.77,50.57,1.0
2026-06-16T03:15:00.000Z,878.0,23.78,50.9,0.0
2026-06-16T03:16:00.000Z,869.0,23.78,50.88,0.0
2026-06-16T03:17:00.000Z,869.0,23.79,50.74,0.0
2026-06-16T03:18:00.000Z,877.0,23.8,50.56,0.0
2026-06-16T03:19:00.000Z,877.0,23.81,50.59,0.0
2026-06-16T03:20:00.000Z,871.0,23.82,50.7,0.0
2026-06-16T03:21:00.000Z,871.0,23.82,50.71,0.0
2026-06-16T03:22:00.000Z,879.0,23.83,50.69,0.0
2026-06-16T03:23:00.000Z,873.0,23.83,50.7,0.0
2026-06-16T03:24:00.000Z,857.0,23.82,50.69,0.0
2026-06-16T03:25:00.000Z,854.0,23.82,50.7,0.0
2026-06-16T03:26:00.000Z,847.0,23.82,50.67,0.0
2026-06-16T03:27:00.000Z,846.0,23.82,50.65,0.0
2026-06-16T03:28:00.000Z,851.0,23.81,50.59,0.0
2026-06-16T03:29:00.000Z,848.0,23.81,50.53,0.0
2026-06-16T03:30:00.000Z,861.0,23.81,50.51,0.0
2026-06-16T03:31:00.000Z,881.0,23.81,50.44,0.0
2026-06-16T03:32:00.000Z,876.0,23.81,50.34,0.0
2026-06-16T03:33:00.000Z,866.0,23.81,50.24,0.0
2026-06-16T03:34:00.000Z,857.0,23.82,50.16,0.0
2026-06-16T03:35:00.000Z,862.0,23.81,50.09,0.0
2026-06-16T03:36:00.000Z,872.0,23.81,50.04,0.0
2026-06-16T03:37:00.000Z,868.0,23.8,49.99,0.0
2026-06-16T03:38:00.000Z,864.0,23.8,49.94,0.0
2026-06-16T03:39:00.000Z,870.0,23.8,49.93,0.0
2026-06-16T03:40:00.000Z,883.0,23.81,49.84,0.0
2026-06-16T03:41:00.000Z,894.0,23.81,49.69,0.0
2026-06-16T03:42:00.000Z,901.0,23.83,49.65,0.0
2026-06-16T03:43:00.000Z,908.0,23.84,49.54,0.0
2026-06-16T03:44:00.000Z,908.0,23.86,49.29,0.0
2026-06-16T03:45:00.000Z,902.0,23.86,49.25,0.0
2026-06-16T03:46:00.000Z,882.0,23.87,49.17,0.0
2026-06-16T03:47:00.000Z,879.0,23.87,49.16,0.0
2026-06-16T03:48:00.000Z,887.0,23.87,49.16,0.0
2026-06-16T03:49:00.000Z,896.0,23.87,48.93,0.0
2026-06-16T03:50:00.000Z,907.0,23.87,48.75,0.0
2026-06-16T03:51:00.000Z,899.0,23.87,48.81,0.0
2026-06-16T03:52:00.000Z,901.0,23.86,48.83,0.0
2026-06-16T03:53:00.000Z,896.0,23.86,48.84,0.0
2026-06-16T03:54:00.000Z,883.0,23.84,48.85,0.0
2026-06-16T03:55:00.000Z,864.0,23.83,48.88,0.0
2026-06-16T03:56:00.000Z,872.0,23.82,48.9,0.0
2026-06-16T03:57:00.000Z,887.0,23.82,48.93,0.0
2026-06-16T03:58:00.000Z,896.0,23.81,48.92,0.0
2026-06-16T03:59:00.000Z,887.0,23.8,48.91,0.0
2026-06-16T04:00:00.000Z,881.0,23.8,48.9,0.0
2026-06-16T04:01:00.000Z,879.0,23.8,48.88,0.0
2026-06-16T04:02:00.000Z,878.0,23.79,48.87,0.0
2026-06-16T04:03:00.000Z,877.0,23.79,48.82,0.0
2026-06-16T04:04:00.000Z,874.0,23.79,48.82,0.0
2026-06-16T04:05:00.000Z,879.0,23.79,48.72,0.0
2026-06-16T04:06:00.000Z,894.0,23.79,48.72,0.0
2026-06-16T04:07:00.000Z,881.0,23.78,48.75,0.0
2026-06-16T04:08:00.000Z,882.0,23.77,48.8,0.0
2026-06-16T04:09:00.000Z,897.0,23.77,48.89,0.0
2026-06-16T04:10:00.000Z,899.0,23.77,48.96,0.0
2026-06-16T04:11:00.000Z,898.0,23.76,48.96,0.0
2026-06-16T04:12:00.000Z,912.0,23.75,48.95,0.0
2026-06-16T04:13:00.000Z,899.0,23.74,48.91,0.0
2026-06-16T04:14:00.000Z,880.0,23.74,48.86,0.0
2026-06-16T04:15:00.000Z,870.0,23.74,48.84,0.0
2026-06-16T04:16:00.000Z,862.0,23.74,48.71,0.0
2026-06-16T04:17:00.000Z,857.0,23.74,48.53,0.0
2026-06-16T04:18:00.000Z,878.0,23.75,48.19,0.0
2026-06-16T04:19:00.000Z,885.0,23.76,48.01,0.0
2026-06-16T04:20:00.000Z,882.0,23.77,48.01,0.0
2026-06-16T04:21:00.000Z,899.0,23.77,48.01,0.0
2026-06-16T04:22:00.000Z,903.0,23.78,48.01,0.0
2026-06-16T04:23:00.000Z,900.0,23.79,47.96,0.0
2026-06-16T04:24:00.000Z,912.0,23.8,47.91,0.0
2026-06-16T04:25:00.000Z,916.0,23.81,47.88,0.0
2026-06-16T04:26:00.000Z,914.0,23.81,47.84,0.0
2026-06-16T04:27:00.000Z,918.0,23.82,47.78,0.0
2026-06-16T04:28:00.000Z,913.0,23.82,47.72,0.0
2026-06-16T04:29:00.000Z,892.0,23.82,47.69,0.0
2026-06-16T04:30:00.000Z,880.0,23.83,47.86,0.0
2026-06-16T04:31:00.000Z,879.0,23.82,47.88,0.0
2026-06-16T04:32:00.000Z,879.0,23.82,47.92,0.0
2026-06-16T04:33:00.000Z,869.0,23.82,47.92,0.0
2026-06-16T04:34:00.000Z,865.0,23.82,47.92,0.0
2026-06-16T04:35:00.000Z,854.0,23.81,47.96,0.0
2026-06-16T04:36:00.000Z,860.0,23.81,47.99,0.0
2026-06-16T04:37:00.000Z,849.0,23.8,48.02,0.0
2026-06-16T04:38:00.000Z,850.0,23.79,48.07,0.0
2026-06-16T04:39:00.000Z,834.0,23.79,48.09,0.0
2026-06-16T04:40:00.000Z,831.0,23.78,48.17,0.0
2026-06-16T04:41:00.000Z,849.0,23.77,48.18,0.0
2026-06-16T04:42:00.000Z,848.0,23.76,48.24,0.0
2026-06-16T04:43:00.000Z,851.0,23.75,48.3,0.0
2026-06-16T04:44:00.000Z,854.0,23.75,48.38,0.0
2026-06-16T04:45:00.000Z,859.0,23.74,48.39,0.0
2026-06-16T04:46:00.000Z,850.0,23.74,48.34,0.0
2026-06-16T04:47:00.000Z,851.0,23.74,48.19,0.0
2026-06-16T04:48:00.000Z,878.0,23.73,48.24,0.0
2026-06-16T04:49:00.000Z,892.0,23.74,47.98,0.0
2026-06-16T04:50:00.000Z,894.0,23.73,47.85,0.0
2026-06-16T04:51:00.000Z,887.0,23.73,47.9,0.0
2026-06-16T04:52:00.000Z,880.0,23.73,47.91,0.0
2026-06-16T04:53:00.000Z,892.0,23.72,47.93,0.0
2026-06-16T04:54:00.000Z,892.0,23.72,47.96,0.0
2026-06-16T04:55:00.000Z,882.0,23.71,47.99,0.0
2026-06-16T04:56:00.000Z,870.0,23.71,48.02,0.0
2026-06-16T04:57:00.000Z,847.0,23.71,48.08,0.0
2026-06-16T04:58:00.000Z,841.0,23.71,48.17,0.0
2026-06-16T04:59:00.000Z,838.0,23.7,48.19,0.0
2026-06-16T05:00:00.000Z,835.0,23.7,48.24,0.0
2026-06-16T05:01:00.000Z,827.0,23.7,48.23,0.0
2026-06-16T05:02:00.000Z,817.0,23.7,48.24,0.0
2026-06-16T05:03:00.000Z,800.0,23.7,48.14,0.0
2026-06-16T05:04:00.000Z,796.0,23.69,48.05,0.0
2026-06-16T05:05:00.000Z,798.0,23.69,48.05,0.0
2026-06-16T05:06:00.000Z,804.0,23.69,48.06,0.0
2026-06-16T05:07:00.000Z,809.0,23.69,48.08,0.0
2026-06-16T05:08:00.000Z,809.0,23.69,48.09,0.0
2026-06-16T05:09:00.000Z,801.0,23.69,48.08,0.0
2026-06-16T05:10:00.000Z,816.0,23.69,48.08,0.0
2026-06-16T05:11:00.000Z,832.0,23.69,48.1,0.0
2026-06-16T05:12:00.000Z,832.0,23.7,48.07,0.0
2026-06-16T05:13:00.000Z,825.0,23.71,48.05,0.0
2026-06-16T05:14:00.000Z,826.0,23.72,48.03,0.0
2026-06-16T05:15:00.000Z,828.0,23.72,48.03,0.0
2026-06-16T05:16:00.000Z,821.0,23.72,48.05,0.0
2026-06-16T05:17:00.000Z,814.0,23.72,48.07,0.0
2026-06-16T05:18:00.000Z,806.0,23.72,48.1,0.0
2026-06-16T05:19:00.000Z,803.0,23.71,48.12,0.0
2026-06-16T05:20:00.000Z,801.0,23.72,48.04,0.0
2026-06-16T05:21:00.000Z,807.0,23.71,47.97,0.0
2026-06-16T05:22:00.000Z,804.0,23.72,47.92,0.0
2026-06-16T05:23:00.000Z,804.0,23.72,47.82,0.0
2026-06-16T05:24:00.000Z,792.0,23.71,47.77,0.0
2026-06-16T05:25:00.000Z,759.0,23.71,47.61,0.0
2026-06-16T05:26:00.000Z,751.0,23.71,47.58,0.0
2026-06-16T05:27:00.000Z,737.0,23.71,47.56,0.0
2026-06-16T05:28:00.000Z,732.0,23.71,47.55,0.0
2026-06-16T05:29:00.000Z,736.0,23.71,47.57,0.0
2026-06-16T05:30:00.000Z,742.0,23.71,47.61,0.0
2026-06-16T05:31:00.000Z,734.0,23.71,47.64,0.0
2026-06-16T05:32:00.000Z,740.0,23.7,47.69,0.0
2026-06-16T05:33:00.000Z,758.0,23.7,47.74,0.0
2026-06-16T05:34:00.000Z,788.0,23.69,47.88,0.0
2026-06-16T05:35:00.000Z,835.0,23.69,48.03,0.0
2026-06-16T05:36:00.000Z,873.0,23.68,48.15,0.0
2026-06-16T05:37:00.000Z,873.0,23.67,48.19,0.0
2026-06-16T05:38:00.000Z,874.0,23.66,48.14,0.0
2026-06-16T05:39:00.000Z,858.0,23.67,48.07,0.0
2026-06-16T05:40:00.000Z,838.0,23.68,47.92,0.0
2026-06-16T05:41:00.000Z,823.0,23.68,47.83,0.0
2026-06-16T05:42:00.000Z,814.0,23.69,47.67,0.0
2026-06-16T05:43:00.000Z,798.0,23.69,47.6,0.0
2026-06-16T05:44:00.000Z,799.0,23.7,47.54,0.0
2026-06-16T05:45:00.000Z,798.0,23.7,47.5,0.0
2026-06-16T05:46:00.000Z,791.0,23.7,47.48,0.0
2026-06-16T05:47:00.000Z,794.0,23.7,47.45,0.0
2026-06-16T05:48:00.000Z,810.0,23.7,47.46,0.0
2026-06-16T05:49:00.000Z,798.0,23.7,47.47,0.0
2026-06-16T05:50:00.000Z,802.0,23.71,47.5,0.0
2026-06-16T05:51:00.000Z,803.0,23.71,47.5,0.0
2026-06-16T05:52:00.000Z,798.0,23.71,47.51,0.0
2026-06-16T05:53:00.000Z,793.0,23.71,47.5,0.0
2026-06-16T05:54:00.000Z,783.0,23.71,47.48,0.0
2026-06-16T05:55:00.000Z,780.0,23.72,47.45,0.0
2026-06-16T05:56:00.000Z,783.0,23.72,47.45,0.0
2026-06-16T05:57:00.000Z,784.0,23.72,47.48,0.0
2026-06-16T05:58:00.000Z,776.0,23.72,47.55,0.0
2026-06-16T05:59:00.000Z,787.0,23.72,47.56,0.0
2026-06-16T06:00:00.000Z,786.0,23.72,47.53,0.0
2026-06-16T06:01:00.000Z,785.0,23.72,47.49,0.0
2026-06-16T06:02:00.000Z,764.0,23.72,47.46,0.0
2026-06-16T06:03:00.000Z,760.0,23.72,47.45,0.0
2026-06-16T06:04:00.000Z,774.0,23.73,47.44,0.0
2026-06-16T06:05:00.000Z,781.0,23.73,47.46,0.0
2026-06-16T06:06:00.000Z,793.0,23.73,47.49,0.0
2026-06-16T06:07:00.000Z,805.0,23.73,47.47,0.0
2026-06-16T06:08:00.000Z,806.0,23.73,47.44,0.0
2026-06-16T06:09:00.000Z,815.0,23.73,47.44,0.0
2026-06-16T06:10:00.000Z,823.0,23.73,47.45,0.0
2026-06-16T06:11:00.000Z,827.0,23.73,47.44,0.0
2026-06-16T06:12:00.000Z,827.0,23.73,47.4,0.0
2026-06-16T06:13:00.000Z,824.0,23.73,47.37,0.0
2026-06-16T06:14:00.000Z,825.0,23.73,47.33,0.0
2026-06-16T06:15:00.000Z,820.0,23.73,47.25,0.0
2026-06-16T06:16:00.000Z,806.0,23.73,47.22,0.0
2026-06-16T06:17:00.000Z,803.0,23.73,47.21,0.0
2026-06-16T06:18:00.000Z,812.0,23.73,47.2,0.0
2026-06-16T06:19:00.000Z,822.0,23.73,47.18,0.0
2026-06-16T06:20:00.000Z,824.0,23.74,47.17,0.0
2026-06-16T06:21:00.000Z,816.0,23.74,47.17,0.0
2026-06-16T06:22:00.000Z,817.0,23.74,47.18,0.0
2026-06-16T06:23:00.000Z,827.0,23.74,47.17,0.0
2026-06-16T06:24:00.000Z,822.0,23.74,47.18,0.0
2026-06-16T06:25:00.000Z,814.0,23.74,47.21,0.0
2026-06-16T06:26:00.000Z,806.0,23.73,47.24,0.0
2026-06-16T06:27:00.000Z,819.0,23.72,47.2,0.0
2026-06-16T06:28:00.000Z,831.0,23.72,47.15,0.0
2026-06-16T06:29:00.000Z,820.0,23.71,47.11,0.0
2026-06-16T06:30:00.000Z,806.0,23.71,47.09,0.0
2026-06-16T06:31:00.000Z,822.0,23.71,47.07,0.0
2026-06-16T06:32:00.000Z,828.0,23.71,47.0,0.0
2026-06-16T06:33:00.000Z,827.0,23.71,46.96,0.0
2026-06-16T06:34:00.000Z,819.0,23.72,46.9,0.0
2026-06-16T06:35:00.000Z,808.0,23.72,46.85,0.0
2026-06-16T06:36:00.000Z,802.0,23.72,46.82,0.0
2026-06-16T06:37:00.000Z,794.0,23.73,46.78,0.0
2026-06-16T06:38:00.000Z,792.0,23.73,46.74,0.0
2026-06-16T06:39:00.000Z,770.0,23.73,46.69,0.0
2026-06-16T06:40:00.000Z,770.0,23.73,46.67,0.0
2026-06-16T06:41:00.000Z,779.0,23.74,46.65,0.0
2026-06-16T06:42:00.000Z,786.0,23.74,46.63,0.0
2026-06-16T06:43:00.000Z,794.0,23.76,46.61,0.0
2026-06-16T06:44:00.000Z,794.0,23.76,46.59,0.0
2026-06-16T06:45:00.000Z,783.0,23.77,46.56,0.0
2026-06-16T06:46:00.000Z,777.0,23.78,46.54,0.0
2026-06-16T06:47:00.000Z,775.0,23.78,46.52,0.0
2026-06-16T06:48:00.000Z,774.0,23.78,46.51,0.0
2026-06-16T06:49:00.000Z,780.0,23.78,46.49,0.0
2026-06-16T06:50:00.000Z,783.0,23.78,46.47,0.0
2026-06-16T06:51:00.000Z,786.0,23.78,46.47,0.0
2026-06-16T06:52:00.000Z,772.0,23.77,46.48,0.0
2026-06-16T06:53:00.000Z,766.0,23.77,46.49,0.0
2026-06-16T06:54:00.000Z,776.0,23.77,46.5,0.0
2026-06-16T06:55:00.000Z,765.0,23.77,46.52,0.0
2026-06-16T06:56:00.000Z,762.0,23.77,46.78,0.0
2026-06-16T06:57:00.000Z,765.0,23.77,47.37,0.0
2026-06-16T06:58:00.000Z,761.0,23.77,47.36,0.0
2026-06-16T06:59:00.000Z,764.0,23.78,47.31,0.0
2026-06-16T07:00:00.000Z,773.0,23.78,47.27,0.0
2026-06-16T07:01:00.000Z,773.0,23.78,47.23,0.0
2026-06-16T07:02:00.000Z,752.0,23.78,47.18,0.0
2026-06-16T07:03:00.000Z,745.0,23.78,47.16,0.0
2026-06-16T07:04:00.000Z,739.0,23.77,47.2,0.0
2026-06-16T07:05:00.000Z,734.0,23.77,47.16,0.0
2026-06-16T07:06:00.000Z,739.0,23.77,47.09,0.0
2026-06-16T07:07:00.000Z,736.0,23.77,47.04,0.0
2026-06-16T07:08:00.000Z,726.0,23.77,47.03,0.0
2026-06-16T07:09:00.000Z,729.0,23.77,46.98,0.0
2026-06-16T07:10:00.000Z,731.0,23.77,46.99,0.0
2026-06-16T07:11:00.000Z,732.0,23.77,47.06,0.0
2026-06-16T07:12:00.000Z,745.0,23.78,47.04,0.0
2026-06-16T07:13:00.000Z,745.0,23.78,47.02,0.0
2026-06-16T07:14:00.000Z,767.0,23.78,47.0,0.0
2026-06-16T07:15:00.000Z,772.0,23.79,47.0,0.0
2026-06-16T07:16:00.000Z,781.0,23.79,47.02,0.0
2026-06-16T07:17:00.000Z,799.0,23.79,47.01,0.0
2026-06-16T07:18:00.000Z,821.0,23.79,47.01,0.0
2026-06-16T07:19:00.000Z,836.0,23.79,47.02,0.0
2026-06-16T07:20:00.000Z,841.0,23.8,47.02,0.0
2026-06-16T07:21:00.000Z,830.0,23.8,47.02,0.0
2026-06-16T07:22:00.000Z,810.0,23.81,47.02,0.0
2026-06-16T07:23:00.000Z,816.0,23.81,47.02,0.0
2026-06-16T07:24:00.000Z,822.0,23.81,47.02,0.0
2026-06-16T07:25:00.000Z,822.0,23.81,47.02,0.0
2026-06-16T07:26:00.000Z,826.0,23.82,47.01,0.0
2026-06-16T07:27:00.000Z,817.0,23.82,47.01,0.0
2026-06-16T07:28:00.000Z,816.0,23.82,47.0,0.0
2026-06-16T07:29:00.000Z,810.0,23.82,47.0,0.0
2026-06-16T07:30:00.000Z,815.0,23.83,46.99,0.0
2026-06-16T07:31:00.000Z,818.0,23.83,46.99,0.0
2026-06-16T07:32:00.000Z,813.0,23.83,46.98,0.0
2026-06-16T07:33:00.000Z,818.0,23.84,46.96,0.0
2026-06-16T07:34:00.000Z,822.0,23.84,46.95,0.0
2026-06-16T07:35:00.000Z,832.0,23.85,46.93,0.0
2026-06-16T07:36:00.000Z,831.0,23.85,46.9,0.0
2026-06-16T07:37:00.000Z,809.0,23.85,46.88,0.0
2026-06-16T07:38:00.000Z,782.0,23.85,46.86,0.0
2026-06-16T07:39:00.000Z,790.0,23.86,46.85,0.0
2026-06-16T07:40:00.000Z,778.0,23.86,46.82,0.0
2026-06-16T07:41:00.000Z,773.0,23.87,46.79,0.0
2026-06-16T07:42:00.000Z,788.0,23.88,46.76,0.0
2026-06-16T07:43:00.000Z,772.0,23.87,46.73,0.0
2026-06-16T07:44:00.000Z,761.0,23.87,46.69,0.0
2026-06-16T07:45:00.000Z,774.0,23.87,46.66,0.0
2026-06-16T07:46:00.000Z,770.0,23.87,46.62,0.0
2026-06-16T07:47:00.000Z,775.0,23.87,46.59,0.0
2026-06-16T07:48:00.000Z,787.0,23.86,46.56,0.0
2026-06-16T07:49:00.000Z,796.0,23.86,46.54,0.0
2026-06-16T07:50:00.000Z,793.0,23.86,46.53,0.0
2026-06-16T07:51:00.000Z,787.0,23.86,46.49,0.0
2026-06-16T07:52:00.000Z,791.0,23.86,46.45,0.0
2026-06-16T07:53:00.000Z,790.0,23.85,46.41,0.0
2026-06-16T07:54:00.000Z,790.0,23.85,46.37,0.0
2026-06-16T07:55:00.000Z,775.0,23.85,46.33,0.0
2026-06-16T07:56:00.000Z,782.0,23.85,46.29,0.0
2026-06-16T07:57:00.000Z,787.0,23.85,46.26,0.0
2026-06-16T07:58:00.000Z,779.0,23.86,46.22,0.0
2026-06-16T07:59:00.000Z,772.0,23.86,46.18,0.0
2026-06-16T08:00:00.000Z,759.0,23.87,46.15,0.0
2026-06-16T08:01:00.000Z,764.0,23.87,46.12,0.0
2026-06-16T08:02:00.000Z,770.0,23.87,46.1,0.0
2026-06-16T08:03:00.000Z,763.0,23.87,46.1,0.0
2026-06-16T08:04:00.000Z,756.0,23.86,46.13,0.0
2026-06-16T08:05:00.000Z,757.0,23.86,46.15,0.0
2026-06-16T08:06:00.000Z,760.0,23.86,46.16,0.0
2026-06-16T08:07:00.000Z,785.0,23.86,46.19,0.0
2026-06-16T08:08:00.000Z,793.0,23.86,46.19,0.0
2026-06-16T08:09:00.000Z,794.0,23.87,46.19,0.0
2026-06-16T08:10:00.000Z,780.0,23.87,46.18,0.0
2026-06-16T08:11:00.000Z,773.0,23.86,46.16,0.0
2026-06-16T08:12:00.000Z,771.0,23.86,46.15,0.0
2026-06-16T08:13:00.000Z,763.0,23.86,46.15,0.0
2026-06-16T08:14:00.000Z,769.0,23.85,46.14,0.0
2026-06-16T08:15:00.000Z,766.0,23.85,46.14,0.0
2026-06-16T08:16:00.000Z,789.0,23.86,46.14,0.0
2026-06-16T08:17:00.000Z,785.0,23.86,46.15,0.0
2026-06-16T08:18:00.000Z,766.0,23.86,46.19,0.0
2026-06-16T08:19:00.000Z,778.0,23.86,46.2,0.0
2026-06-16T08:20:00.000Z,781.0,23.86,46.15,0.0
2026-06-16T08:21:00.000Z,778.0,23.85,46.13,0.0
2026-06-16T08:22:00.000Z,779.0,23.85,46.13,0.0
2026-06-16T08:23:00.000Z,766.0,23.85,46.17,0.0
2026-06-16T08:24:00.000Z,753.0,23.85,46.17,0.0
2026-06-16T08:25:00.000Z,732.0,23.85,46.13,0.0
2026-06-16T08:26:00.000Z,730.0,23.85,46.11,0.0
2026-06-16T08:27:00.000Z,729.0,23.85,46.09,0.0
2026-06-16T08:28:00.000Z,723.0,23.85,46.08,0.0
2026-06-16T08:29:00.000Z,729.0,23.85,46.07,0.0
2026-06-16T08:30:00.000Z,741.0,23.85,46.05,0.0
2026-06-16T08:31:00.000Z,745.0,23.85,46.03,0.0
2026-06-16T08:32:00.000Z,744.0,23.86,46.02,0.0
2026-06-16T08:33:00.000Z,749.0,23.85,45.99,0.0
2026-06-16T08:34:00.000Z,743.0,23.85,45.96,0.0
2026-06-16T08:35:00.000Z,739.0,23.85,45.92,0.0
2026-06-16T08:36:00.000Z,732.0,23.85,45.9,0.0
2026-06-16T08:37:00.000Z,724.0,23.84,45.87,0.0
2026-06-16T08:38:00.000Z,720.0,23.84,45.84,0.0
2026-06-16T08:39:00.000Z,704.0,23.84,45.8,0.0
2026-06-16T08:40:00.000Z,721.0,23.84,45.78,0.0
2026-06-16T08:41:00.000Z,728.0,23.83,45.81,0.0
2026-06-16T08:42:00.000Z,736.0,23.84,45.8,0.0
2026-06-16T08:43:00.000Z,740.0,23.84,45.79,0.0
2026-06-16T08:44:00.000Z,739.0,23.84,45.78,0.0
2026-06-16T08:45:00.000Z,737.0,23.84,45.77,0.0
2026-06-16T08:46:00.000Z,727.0,23.85,45.75,0.0
2026-06-16T08:47:00.000Z,742.0,23.85,45.75,0.0
2026-06-16T08:48:00.000Z,724.0,23.85,45.74,0.0
2026-06-16T08:49:00.000Z,725.0,23.85,45.74,0.0
2026-06-16T08:50:00.000Z,709.0,23.86,45.74,0.0
2026-06-16T08:51:00.000Z,712.0,23.86,45.75,0.0
2026-06-16T08:52:00.000Z,719.0,23.85,45.74,0.0
2026-06-16T08:53:00.000Z,710.0,23.85,45.77,0.0
2026-06-16T08:54:00.000Z,711.0,23.84,45.86,0.0
2026-06-16T08:55:00.000Z,717.0,23.84,45.96,0.0
2026-06-16T08:56:00.000Z,723.0,23.84,46.03,0.0
2026-06-16T08:57:00.000Z,724.0,23.84,46.04,0.0
2026-06-16T08:58:00.000Z,727.0,23.84,46.03,0.0
2026-06-16T08:59:00.000Z,720.0,23.83,46.02,0.0
2026-06-16T09:00:00.000Z,719.0,23.83,46.01,0.0
2026-06-16T09:01:00.000Z,720.0,23.83,46.01,0.0
2026-06-16T09:02:00.000Z,722.0,23.83,46.09,0.0
2026-06-16T09:03:00.000Z,730.0,23.83,46.29,0.0
2026-06-16T09:04:00.000Z,730.0,23.83,46.26,0.0
2026-06-16T09:05:00.000Z,716.0,23.83,46.26,0.0
2026-06-16T09:06:00.000Z,707.0,23.83,46.22,0.0
2026-06-16T09:07:00.000Z,688.0,23.83,46.19,0.0
2026-06-16T09:08:00.000Z,695.0,23.83,46.15,0.0
2026-06-16T09:09:00.000Z,713.0,23.83,46.13,0.0
2026-06-16T09:10:00.000Z,721.0,23.83,46.11,0.0
2026-06-16T09:11:00.000Z,722.0,23.83,46.12,0.0
2026-06-16T09:12:00.000Z,729.0,23.83,46.1,0.0
2026-06-16T09:13:00.000Z,723.0,23.82,46.09,0.0
2026-06-16T09:14:00.000Z,736.0,23.82,46.08,0.0
2026-06-16T09:15:00.000Z,754.0,23.82,46.09,0.0
2026-06-16T09:16:00.000Z,749.0,23.83,46.09,0.0
2026-06-16T09:17:00.000Z,731.0,23.82,46.1,0.0
2026-06-16T09:18:00.000Z,718.0,23.81,46.25,0.0
2026-06-16T09:19:00.000Z,716.0,23.81,46.37,0.0
2026-06-16T09:20:00.000Z,726.0,23.81,46.41,0.0
2026-06-16T09:21:00.000Z,742.0,23.81,46.37,0.0
2026-06-16T09:22:00.000Z,735.0,23.82,46.35,0.0
2026-06-16T09:23:00.000Z,727.0,23.82,46.37,0.0
2026-06-16T09:24:00.000Z,723.0,23.82,46.36,0.0
2026-06-16T09:25:00.000Z,716.0,23.83,46.49,0.0
2026-06-16T09:26:00.000Z,714.0,23.83,46.45,0.0
2026-06-16T09:27:00.000Z,720.0,23.84,46.41,0.0
2026-06-16T09:28:00.000Z,719.0,23.85,46.37,0.0
2026-06-16T09:29:00.000Z,713.0,23.85,46.37,0.0
2026-06-16T09:30:00.000Z,712.0,23.85,46.37,0.0
2026-06-16T09:31:00.000Z,713.0,23.85,46.34,0.0
2026-06-16T09:32:00.000Z,708.0,23.85,46.31,0.0
2026-06-16T09:33:00.000Z,720.0,23.86,46.28,0.0
2026-06-16T09:34:00.000Z,713.0,23.85,46.24,0.0
2026-06-16T09:35:00.000Z,726.0,23.85,46.21,0.0
2026-06-16T09:36:00.000Z,736.0,23.85,46.23,0.0
2026-06-16T09:37:00.000Z,741.0,23.85,46.25,0.0
2026-06-16T09:38:00.000Z,730.0,23.85,46.33,0.0
2026-06-16T09:39:00.000Z,710.0,23.86,46.43,0.0
2026-06-16T09:40:00.000Z,715.0,23.85,46.39,0.0
2026-06-16T09:41:00.000Z,725.0,23.86,46.36,0.0
2026-06-16T09:42:00.000Z,731.0,23.88,46.33,0.0
2026-06-16T09:43:00.000Z,733.0,23.89,46.31,0.0
2026-06-16T09:44:00.000Z,743.0,23.89,46.28,0.0
2026-06-16T09:45:00.000Z,747.0,23.89,46.26,0.0
2026-06-16T09:46:00.000Z,744.0,23.88,46.23,0.0
2026-06-16T09:47:00.000Z,740.0,23.87,46.22,0.0
2026-06-16T09:48:00.000Z,737.0,23.87,46.22,0.0
2026-06-16T09:49:00.000Z,735.0,23.87,46.2,0.0
2026-06-16T09:50:00.000Z,733.0,23.86,46.19,0.0
2026-06-16T09:51:00.000Z,726.0,23.86,46.18,0.0
2026-06-16T09:52:00.000Z,737.0,23.86,46.17,0.0
2026-06-16T09:53:00.000Z,741.0,23.85,46.16,0.0
2026-06-16T09:54:00.000Z,729.0,23.85,46.18,0.0
2026-06-16T09:55:00.000Z,717.0,23.85,46.2,0.0
2026-06-16T09:56:00.000Z,721.0,23.85,46.21,0.0
2026-06-16T09:57:00.000Z,734.0,23.86,46.2,0.0
2026-06-16T09:58:00.000Z,740.0,23.86,46.21,0.0
2026-06-16T09:59:00.000Z,739.0,23.86,46.25,0.0
2026-06-16T10:00:00.000Z,743.0,23.86,46.26,0.0
2026-06-16T10:01:00.000Z,735.0,23.86,46.27,0.0
2026-06-16T10:02:00.000Z,744.0,23.86,46.25,0.0
2026-06-16T10:03:00.000Z,759.0,23.87,46.23,0.0
2026-06-16T10:04:00.000Z,764.0,23.87,46.2,0.0
2026-06-16T10:05:00.000Z,768.0,23.87,46.19,0.0
2026-06-16T10:06:00.000Z,753.0,23.88,46.15,0.0
2026-06-16T10:07:00.000Z,742.0,23.88,46.11,0.0
2026-06-16T10:08:00.000Z,736.0,23.88,46.07,0.0
2026-06-16T10:09:00.000Z,739.0,23.89,46.04,0.0
2026-06-16T10:10:00.000Z,742.0,23.89,46.02,0.0
2026-06-16T10:11:00.000Z,754.0,23.89,46.0,0.0
2026-06-16T10:12:00.000Z,751.0,23.89,45.98,0.0
2026-06-16T10:13:00.000Z,768.0,23.89,45.98,0.0
2026-06-16T10:14:00.000Z,767.0,23.9,45.99,0.0
2026-06-16T10:15:00.000Z,771.0,23.9,45.98,0.0
2026-06-16T10:16:00.000Z,771.0,23.9,45.99,0.0
2026-06-16T10:17:00.000Z,756.0,23.9,46.0,0.0
2026-06-16T10:18:00.000Z,746.0,23.9,46.03,0.0
2026-06-16T10:19:00.000Z,752.0,23.9,46.06,0.0
2026-06-16T10:20:00.000Z,746.0,23.9,46.08,0.0
2026-06-16T10:21:00.000Z,738.0,23.9,46.08,0.0
2026-06-16T10:22:00.000Z,745.0,23.9,46.14,0.0
2026-06-16T10:23:00.000Z,742.0,23.91,46.16,0.0
2026-06-16T10:24:00.000Z,734.0,23.91,46.12,0.0
2026-06-16T10:25:00.000Z,744.0,23.9,46.11,0.0
2026-06-16T10:26:00.000Z,768.0,23.91,46.12,0.0
2026-06-16T10:27:00.000Z,779.0,23.91,46.12,0.0
2026-06-16T10:28:00.000Z,776.0,23.9,46.12,0.0
2026-06-16T10:29:00.000Z,780.0,23.9,46.09,0.0
2026-06-16T10:30:00.000Z,774.0,23.89,46.1,0.0
2026-06-16T10:31:00.000Z,771.0,23.89,46.09,0.0
2026-06-16T10:32:00.000Z,773.0,23.89,46.08,0.0
2026-06-16T10:33:00.000Z,781.0,23.89,46.09,0.0
2026-06-16T10:34:00.000Z,793.0,23.9,46.08,0.0
2026-06-16T10:35:00.000Z,795.0,23.9,46.08,0.0
2026-06-16T10:36:00.000Z,787.0,23.89,46.11,0.0
2026-06-16T10:37:00.000Z,774.0,23.89,46.12,0.0
2026-06-16T10:38:00.000Z,776.0,23.89,46.12,0.0
2026-06-16T10:39:00.000Z,773.0,23.89,46.12,0.0
2026-06-16T10:40:00.000Z,760.0,23.89,46.1,0.0
2026-06-16T10:41:00.000Z,753.0,23.89,46.1,0.0
2026-06-16T10:42:00.000Z,768.0,23.89,46.1,0.0
2026-06-16T10:43:00.000Z,765.0,23.89,46.08,0.0
2026-06-16T10:44:00.000Z,763.0,23.89,46.07,0.0
2026-06-16T10:45:00.000Z,768.0,23.89,46.08,0.0
2026-06-16T10:46:00.000Z,780.0,23.89,46.08,0.0
2026-06-16T10:47:00.000Z,781.0,23.89,46.08,0.0
2026-06-16T10:48:00.000Z,778.0,23.89,46.08,0.0
2026-06-16T10:49:00.000Z,775.0,23.89,46.08,0.0
2026-06-16T10:50:00.000Z,776.0,23.89,46.07,0.0
2026-06-16T10:51:00.000Z,776.0,23.9,46.05,0.0
2026-06-16T10:52:00.000Z,775.0,23.89,46.05,0.0
2026-06-16T10:53:00.000Z,781.0,23.9,46.06,0.0
2026-06-16T10:54:00.000Z,790.0,23.9,46.07,0.0
2026-06-16T10:55:00.000Z,781.0,23.9,46.29,0.0
2026-06-16T10:56:00.000Z,770.0,23.9,46.31,0.0
2026-06-16T10:57:00.000Z,781.0,23.91,46.28,0.0
2026-06-16T10:58:00.000Z,786.0,23.91,46.24,0.0
2026-06-16T10:59:00.000Z,778.0,23.91,46.18,0.0
2026-06-16T11:00:00.000Z,774.0,23.91,46.14,0.0
2026-06-16T11:01:00.000Z,784.0,23.91,46.1,0.0
2026-06-16T11:02:00.000Z,784.0,23.92,46.11,0.0
2026-06-16T11:03:00.000Z,793.0,23.91,46.09,0.0
2026-06-16T11:04:00.000Z,798.0,23.92,46.1,0.0
2026-06-16T11:05:00.000Z,805.0,23.92,46.08,0.0
2026-06-16T11:06:00.000Z,825.0,23.91,46.07,0.0
2026-06-16T11:07:00.000Z,827.0,23.92,46.06,0.0
2026-06-16T11:08:00.000Z,816.0,23.92,46.04,0.0
2026-06-16T11:09:00.000Z,809.0,23.92,46.04,0.0
2026-06-16T11:10:00.000Z,810.0,23.92,46.03,0.0
2026-06-16T11:11:00.000Z,802.0,23.92,46.06,0.0
2026-06-16T11:12:00.000Z,786.0,23.92,46.08,0.0
2026-06-16T11:13:00.000Z,792.0,23.92,46.11,0.0
2026-06-16T11:14:00.000Z,793.0,23.92,46.17,0.0
2026-06-16T11:15:00.000Z,784.0,23.92,46.36,0.0
2026-06-16T11:16:00.000Z,774.0,23.92,46.34,0.0
2026-06-16T11:17:00.000Z,774.0,23.92,46.33,0.0
2026-06-16T11:18:00.000Z,776.0,23.93,46.33,0.0
2026-06-16T11:19:00.000Z,782.0,23.94,46.31,0.0
2026-06-16T11:20:00.000Z,778.0,23.94,46.3,0.0
2026-06-16T11:21:00.000Z,786.0,23.95,46.26,0.0
2026-06-16T11:22:00.000Z,804.0,23.95,46.19,0.0
2026-06-16T11:23:00.000Z,800.0,23.94,46.13,0.0
2026-06-16T11:24:00.000Z,799.0,23.94,46.08,0.0
2026-06-16T11:25:00.000Z,803.0,23.94,46.04,0.0
2026-06-16T11:26:00.000Z,789.0,23.93,45.99,0.0
2026-06-16T11:27:00.000Z,755.0,23.92,45.97,0.0
2026-06-16T11:28:00.000Z,756.0,23.91,45.97,0.0
2026-06-16T11:29:00.000Z,772.0,23.91,45.97,0.0
2026-06-16T11:30:00.000Z,778.0,23.92,45.96,0.0
2026-06-16T11:31:00.000Z,777.0,23.92,45.95,0.0
2026-06-16T11:32:00.000Z,774.0,23.91,45.95,0.0
2026-06-16T11:33:00.000Z,770.0,23.91,45.97,0.0
2026-06-16T11:34:00.000Z,776.0,23.91,46.0,0.0
2026-06-16T11:35:00.000Z,774.0,23.92,46.01,0.0
2026-06-16T11:36:00.000Z,782.0,23.93,46.0,0.0
2026-06-16T11:37:00.000Z,792.0,23.93,45.98,0.0
2026-06-16T11:38:00.000Z,799.0,23.92,45.98,0.0
2026-06-16T11:39:00.000Z,800.0,23.92,45.96,0.0
2026-06-16T11:40:00.000Z,790.0,23.91,45.96,0.0
2026-06-16T11:41:00.000Z,775.0,23.91,45.96,0.0
2026-06-16T11:42:00.000Z,778.0,23.91,45.96,0.0
2026-06-16T11:43:00.000Z,784.0,23.91,45.94,0.0
2026-06-16T11:44:00.000Z,777.0,23.91,45.95,0.0
2026-06-16T11:45:00.000Z,771.0,23.91,45.92,0.0
2026-06-16T11:46:00.000Z,774.0,23.91,45.91,0.0
2026-06-16T11:47:00.000Z,760.0,23.91,45.91,0.0
2026-06-16T11:48:00.000Z,757.0,23.92,45.89,0.0
2026-06-16T11:49:00.000Z,760.0,23.92,45.88,0.0
2026-06-16T11:50:00.000Z,763.0,23.92,45.86,0.0
2026-06-16T11:51:00.000Z,762.0,23.92,45.85,0.0
2026-06-16T11:52:00.000Z,732.0,23.92,45.82,0.0
2026-06-16T11:53:00.000Z,714.0,23.92,45.8,0.0
2026-06-16T11:54:00.000Z,718.0,23.92,45.78,0.0
2026-06-16T11:55:00.000Z,718.0,23.92,45.77,0.0
2026-06-16T11:56:00.000Z,723.0,23.92,45.75,0.0
2026-06-16T11:57:00.000Z,729.0,23.92,45.74,0.0
2026-06-16T11:58:00.000Z,745.0,23.92,45.74,0.0
2026-06-16T11:59:00.000Z,734.0,23.92,45.71,0.0
2026-06-16T12:00:00.000Z,721.0,23.92,45.69,0.0
2026-06-16T12:01:00.000Z,729.0,23.92,45.69,0.0
2026-06-16T12:02:00.000Z,743.0,23.92,45.67,0.0
2026-06-16T12:03:00.000Z,737.0,23.92,45.67,0.0
2026-06-16T12:04:00.000Z,742.0,23.93,45.69,0.0
2026-06-16T12:05:00.000Z,750.0,23.93,45.69,0.0
2026-06-16T12:06:00.000Z,746.0,23.92,45.69,0.0
2026-06-16T12:07:00.000Z,737.0,23.93,45.68,0.0
2026-06-16T12:08:00.000Z,727.0,23.93,45.68,0.0
2026-06-16T12:09:00.000Z,720.0,23.92,45.67,0.0
2026-06-16T12:10:00.000Z,731.0,23.92,45.64,0.0
2026-06-16T12:11:00.000Z,728.0,23.92,45.65,0.0
2026-06-16T12:12:00.000Z,711.0,23.92,45.64,0.0
2026-06-16T12:13:00.000Z,710.0,23.91,45.64,0.0
2026-06-16T12:14:00.000Z,728.0,23.91,45.63,0.0
2026-06-16T12:15:00.000Z,729.0,23.91,45.62,0.0
2026-06-16T12:16:00.000Z,734.0,23.91,45.61,0.0
2026-06-16T12:17:00.000Z,736.0,23.91,45.62,0.0
2026-06-16T12:18:00.000Z,740.0,23.9,45.6,0.0
2026-06-16T12:19:00.000Z,738.0,23.9,45.58,0.0
2026-06-16T12:20:00.000Z,745.0,23.9,45.59,0.0
2026-06-16T12:21:00.000Z,736.0,23.9,45.59,0.0
2026-06-16T12:22:00.000Z,734.0,23.89,45.58,0.0
2026-06-16T12:23:00.000Z,723.0,23.89,45.58,0.0
2026-06-16T12:24:00.000Z,733.0,23.89,45.59,0.0
2026-06-16T12:25:00.000Z,731.0,23.9,45.59,0.0
2026-06-16T12:26:00.000Z,726.0,23.89,45.58,0.0
2026-06-16T12:27:00.000Z,721.0,23.89,45.58,0.0
2026-06-16T12:28:00.000Z,720.0,23.89,45.58,0.0
2026-06-16T12:29:00.000Z,723.0,23.9,45.58,0.0
2026-06-16T12:30:00.000Z,725.0,23.9,45.56,0.0
2026-06-16T12:31:00.000Z,731.0,23.9,45.55,0.0
2026-06-16T12:32:00.000Z,727.0,23.89,45.53,0.0
2026-06-16T12:33:00.000Z,719.0,23.89,45.51,0.0
2026-06-16T12:34:00.000Z,715.0,23.89,45.51,0.0
2026-06-16T12:35:00.000Z,708.0,23.89,45.48,0.0
2026-06-16T12:36:00.000Z,695.0,23.89,45.48,0.0
2026-06-16T12:37:00.000Z,700.0,23.89,45.45,0.0
2026-06-16T12:38:00.000Z,691.0,23.89,45.43,0.0
2026-06-16T12:39:00.000Z,684.0,23.89,45.42,0.0
2026-06-16T12:40:00.000Z,686.0,23.88,45.41,0.0
2026-06-16T12:41:00.000Z,698.0,23.89,45.41,0.0
2026-06-16T12:42:00.000Z,706.0,23.88,45.39,0.0
2026-06-16T12:43:00.000Z,701.0,23.88,45.38,0.0
2026-06-16T12:44:00.000Z,688.0,23.87,45.38,0.0
2026-06-16T12:45:00.000Z,688.0,23.88,45.39,0.0
2026-06-16T12:46:00.000Z,680.0,23.88,45.41,0.0
2026-06-16T12:47:00.000Z,701.0,23.89,45.46,0.0
2026-06-16T12:48:00.000Z,714.0,23.89,45.48,0.0
2026-06-16T12:49:00.000Z,718.0,23.9,45.51,0.0
2026-06-16T12:50:00.000Z,720.0,23.9,45.52,0.0
2026-06-16T12:51:00.000Z,741.0,23.91,45.57,0.0
2026-06-16T12:52:00.000Z,743.0,23.92,45.61,0.0
2026-06-16T12:53:00.000Z,740.0,23.93,45.69,0.0
2026-06-16T12:54:00.000Z,736.0,23.95,45.73,0.0
2026-06-16T12:55:00.000Z,724.0,23.96,45.76,0.0
2026-06-16T12:56:00.000Z,728.0,23.96,45.79,0.0
2026-06-16T12:57:00.000Z,733.0,23.97,45.83,0.0
2026-06-16T12:58:00.000Z,737.0,23.98,45.88,0.0
2026-06-16T12:59:00.000Z,743.0,23.98,45.94,0.0
2026-06-16T13:00:00.000Z,749.0,23.99,45.97,0.0
2026-06-16T13:01:00.000Z,741.0,24.0,46.01,0.0
2026-06-16T13:02:00.000Z,738.0,24.01,46.04,0.0
2026-06-16T13:03:00.000Z,759.0,24.01,46.06,0.0
2026-06-16T13:04:00.000Z,775.0,24.02,46.09,0.0
2026-06-16T13:05:00.000Z,790.0,24.02,46.11,0.0
2026-06-16T13:06:00.000Z,799.0,24.02,46.12,0.0
2026-06-16T13:07:00.000Z,804.0,24.02,46.11,0.0
2026-06-16T13:08:00.000Z,803.0,24.03,46.13,0.0
2026-06-16T13:09:00.000Z,803.0,24.03,46.14,0.0
2026-06-16T13:10:00.000Z,798.0,24.03,46.14,0.0
2026-06-16T13:11:00.000Z,790.0,24.04,46.13,0.0
2026-06-16T13:12:00.000Z,789.0,24.04,46.14,0.0
2026-06-16T13:13:00.000Z,807.0,24.05,46.15,0.0
2026-06-16T13:14:00.000Z,802.0,24.05,46.15,0.0
2026-06-16T13:15:00.000Z,797.0,24.06,46.16,0.0
2026-06-16T13:16:00.000Z,781.0,24.06,46.16,0.0
2026-06-16T13:17:00.000Z,795.0,24.06,46.15,0.0
2026-06-16T13:18:00.000Z,805.0,24.06,46.15,0.0
2026-06-16T13:19:00.000Z,796.0,24.07,46.15,0.0
2026-06-16T13:20:00.000Z,800.0,24.07,46.15,0.0
2026-06-16T13:21:00.000Z,802.0,24.07,46.16,0.0
2026-06-16T13:22:00.000Z,803.0,24.08,46.17,0.0
2026-06-16T13:23:00.000Z,804.0,24.08,46.18,0.0
2026-06-16T13:24:00.000Z,801.0,24.08,46.19,0.0
2026-06-16T13:25:00.000Z,807.0,24.09,46.19,0.0
2026-06-16T13:26:00.000Z,816.0,24.09,46.19,0.0
2026-06-16T13:27:00.000Z,810.0,24.09,46.22,0.0
2026-06-16T13:28:00.000Z,815.0,24.09,46.23,0.0
2026-06-16T13:29:00.000Z,826.0,24.1,46.24,0.0
2026-06-16T13:30:00.000Z,819.0,24.1,46.24,0.0
2026-06-16T13:31:00.000Z,821.0,24.1,46.22,0.0
2026-06-16T13:32:00.000Z,829.0,24.11,46.22,0.0
2026-06-16T13:33:00.000Z,829.0,24.11,46.21,0.0
2026-06-16T13:34:00.000Z,816.0,24.11,46.21,0.0
2026-06-16T13:35:00.000Z,813.0,24.11,46.22,0.0
2026-06-16T13:36:00.000Z,801.0,24.11,46.2,0.0
2026-06-16T13:37:00.000Z,781.0,24.11,46.2,0.0
2026-06-16T13:38:00.000Z,768.0,24.13,46.21,0.0
2026-06-16T13:39:00.000Z,768.0,24.13,46.21,0.0
2026-06-16T13:40:00.000Z,802.0,24.15,46.91,0.0
2026-06-16T13:41:00.000Z,807.0,24.16,46.95,0.0
2026-06-16T13:42:00.000Z,798.0,24.19,46.76,0.0
2026-06-16T13:43:00.000Z,781.0,24.23,46.44,0.0
2026-06-16T13:44:00.000Z,787.0,24.27,46.2,0.0
2026-06-16T13:45:00.000Z,790.0,24.3,46.06,0.0
2026-06-16T13:46:00.000Z,793.0,24.34,45.99,0.0
2026-06-16T13:47:00.000Z,787.0,24.36,46.07,0.0
2026-06-16T13:48:00.000Z,782.0,24.39,46.04,0.0
2026-06-16T13:49:00.000Z,780.0,24.41,46.0,0.0
2026-06-16T13:50:00.000Z,767.0,24.44,45.86,0.0
2026-06-16T13:51:00.000Z,775.0,24.47,45.76,0.0
2026-06-16T13:52:00.000Z,767.0,24.5,45.61,0.0
2026-06-16T13:53:00.000Z,762.0,24.53,45.55,0.0
2026-06-16T13:54:00.000Z,773.0,24.56,45.54,0.0
2026-06-16T13:55:00.000Z,774.0,24.57,45.51,0.0
2026-06-16T13:56:00.000Z,750.0,24.59,45.52,0.0
2026-06-16T13:57:00.000Z,768.0,24.62,45.5,0.0
2026-06-16T13:58:00.000Z,781.0,24.64,45.51,0.0
2026-06-16T13:59:00.000Z,785.0,24.66,45.85,0.0
2026-06-16T14:00:00.000Z,776.0,24.68,45.86,0.0
2026-06-16T14:01:00.000Z,782.0,24.69,45.88,0.0
2026-06-16T14:02:00.000Z,786.0,24.72,45.92,0.0
2026-06-16T14:03:00.000Z,789.0,24.73,46.01,0.0
2026-06-16T14:04:00.000Z,791.0,24.75,45.91,0.0
2026-06-16T14:05:00.000Z,792.0,24.78,45.86,0.0
2026-06-16T14:06:00.000Z,806.0,24.8,45.81,0.0
2026-06-16T14:07:00.000Z,840.0,24.82,45.73,0.0
2026-06-16T14:08:00.000Z,839.0,24.85,45.71,0.0
2026-06-16T14:09:00.000Z,830.0,24.87,45.69,0.0
2026-06-16T14:10:00.000Z,826.0,24.89,45.65,0.0
2026-06-16T14:11:00.000Z,811.0,24.89,45.5,0.0
2026-06-16T14:12:00.000Z,799.0,24.89,45.44,0.0
2026-06-16T14:13:00.000Z,804.0,24.91,45.34,0.0
2026-06-16T14:14:00.000Z,800.0,24.94,45.22,0.0
2026-06-16T14:15:00.000Z,779.0,24.96,45.19,0.0
2026-06-16T14:16:00.000Z,774.0,24.97,45.17,0.0
2026-06-16T14:17:00.000Z,782.0,24.98,45.12,0.0
2026-06-16T14:18:00.000Z,788.0,24.99,45.1,0.0
2026-06-16T14:19:00.000Z,789.0,25.0,45.06,0.0
2026-06-16T14:20:00.000Z,788.0,25.0,45.08,0.0
2026-06-16T14:21:00.000Z,789.0,24.99,45.09,0.0
2026-06-16T14:22:00.000Z,796.0,25.0,45.12,0.0
2026-06-16T14:23:00.000Z,807.0,25.01,45.09,0.0
2026-06-16T14:24:00.000Z,817.0,25.02,45.1,0.0
2026-06-16T14:25:00.000Z,820.0,25.02,45.14,0.0
2026-06-16T14:26:00.000Z,820.0,25.02,45.2,0.0
2026-06-16T14:27:00.000Z,829.0,25.03,45.33,0.0
2026-06-16T14:28:00.000Z,832.0,25.03,45.34,0.0
2026-06-16T14:29:00.000Z,818.0,25.03,45.39,0.0
2026-06-16T14:30:00.000Z,786.0,25.03,45.45,0.0
2026-06-16T14:31:00.000Z,779.0,25.03,45.41,0.0
2026-06-16T14:32:00.000Z,774.0,25.03,45.36,0.0
2026-06-16T14:33:00.000Z,780.0,25.04,45.37,0.0
2026-06-16T14:34:00.000Z,776.0,25.03,45.38,0.0
2026-06-16T14:35:00.000Z,781.0,25.04,45.38,0.0
2026-06-16T14:36:00.000Z,789.0,25.05,45.31,0.0
2026-06-16T14:37:00.000Z,798.0,25.04,45.21,0.0
2026-06-16T14:38:00.000Z,789.0,25.05,45.22,0.0
2026-06-16T14:39:00.000Z,780.0,25.05,45.14,0.0
2026-06-16T14:40:00.000Z,774.0,25.04,45.17,0.0
2026-06-16T14:41:00.000Z,777.0,25.04,45.15,0.0
2026-06-16T14:42:00.000Z,780.0,25.04,45.13,0.0
2026-06-16T14:43:00.000Z,779.0,25.05,45.17,0.0
2026-06-16T14:44:00.000Z,779.0,25.06,45.24,0.0
2026-06-16T14:45:00.000Z,787.0,25.06,45.32,0.0
2026-06-16T14:46:00.000Z,784.0,25.06,45.38,0.0
2026-06-16T14:47:00.000Z,787.0,25.07,45.38,0.0
2026-06-16T14:48:00.000Z,799.0,25.07,45.4,0.0
2026-06-16T14:49:00.000Z,801.0,25.07,45.43,0.0
2026-06-16T14:50:00.000Z,801.0,25.08,45.44,0.0
2026-06-16T14:51:00.000Z,812.0,25.09,45.42,0.0
2026-06-16T14:52:00.000Z,821.0,25.1,45.4,0.0
2026-06-16T14:53:00.000Z,821.0,25.1,45.4,0.0
2026-06-16T14:54:00.000Z,812.0,25.11,45.42,0.0
2026-06-16T14:55:00.000Z,808.0,25.11,45.43,0.0
2026-06-16T14:56:00.000Z,806.0,25.13,45.4,0.0
2026-06-16T14:57:00.000Z,809.0,25.14,45.37,0.0
2026-06-16T14:58:00.000Z,819.0,25.14,45.3,0.0
2026-06-16T14:59:00.000Z,833.0,25.15,45.21,0.0
2026-06-16T15:00:00.000Z,843.0,25.17,45.14,0.0
2026-06-16T15:01:00.000Z,821.0,25.2,45.08,0.0
2026-06-16T15:02:00.000Z,803.0,25.21,45.08,0.0
2026-06-16T15:03:00.000Z,805.0,25.23,45.0,0.0
2026-06-16T15:04:00.000Z,801.0,25.24,44.99,0.0
2026-06-16T15:05:00.000Z,809.0,25.25,45.01,0.0
2026-06-16T15:06:00.000Z,815.0,25.27,44.86,0.0
2026-06-16T15:07:00.000Z,811.0,25.27,44.33,0.0
2026-06-16T15:08:00.000Z,815.0,25.27,44.19,0.0
2026-06-16T15:09:00.000Z,847.0,25.26,44.16,0.0
2026-06-16T15:10:00.000Z,863.0,25.27,44.1,0.0
2026-06-16T15:11:00.000Z,895.0,25.27,44.09,1.0
2026-06-16T15:12:00.000Z,906.0,25.28,44.1,1.0
2026-06-16T15:13:00.000Z,914.0,25.28,44.12,1.0
2026-06-16T15:14:00.000Z,910.0,25.29,44.1,1.0
2026-06-16T15:15:00.000Z,904.0,25.31,44.08,0.0
2026-06-16T15:16:00.000Z,901.0,25.32,44.09,0.0
2026-06-16T15:17:00.000Z,894.0,25.33,44.15,0.0
2026-06-16T15:18:00.000Z,889.0,25.34,44.47,0.0
2026-06-16T15:19:00.000Z,891.0,25.35,44.62,0.0
2026-06-16T15:20:00.000Z,900.0,25.36,45.26,0.0
2026-06-16T15:21:00.000Z,893.0,25.36,45.37,0.0
2026-06-16T15:22:00.000Z,880.0,25.38,45.63,0.0
2026-06-16T15:23:00.000Z,896.0,25.4,45.53,0.0
2026-06-16T15:24:00.000Z,912.0,25.41,45.56,0.0
2026-06-16T15:25:00.000Z,917.0,25.43,45.57,0.0
2026-06-16T15:26:00.000Z,924.0,25.45,45.48,0.0
2026-06-16T15:27:00.000Z,913.0,25.48,45.39,0.0
2026-06-16T15:28:00.000Z,895.0,25.49,45.39,0.0
2026-06-16T15:29:00.000Z,881.0,25.51,45.31,0.0
2026-06-16T15:30:00.000Z,886.0,25.52,45.2,0.0
2026-06-16T15:31:00.000Z,911.0,25.56,45.15,0.0
2026-06-16T15:32:00.000Z,914.0,25.58,45.15,0.0
2026-06-16T15:33:00.000Z,918.0,25.6,45.14,0.0
2026-06-16T15:34:00.000Z,916.0,25.62,45.07,0.0
2026-06-16T15:35:00.000Z,909.0,25.64,45.12,0.0
2026-06-16T15:36:00.000Z,903.0,25.65,45.15,0.0
2026-06-16T15:37:00.000Z,913.0,25.65,45.22,0.0
2026-06-16T15:38:00.000Z,933.0,25.66,45.19,0.0
2026-06-16T15:39:00.000Z,927.0,25.67,45.2,0.0
2026-06-16T15:40:00.000Z,923.0,25.7,45.19,0.0
2026-06-16T15:41:00.000Z,921.0,25.71,45.15,0.0
2026-06-16T15:42:00.000Z,925.0,25.74,45.04,0.0
2026-06-16T15:43:00.000Z,926.0,25.75,45.01,0.0
2026-06-16T15:44:00.000Z,909.0,25.77,44.93,0.0
2026-06-16T15:45:00.000Z,900.0,25.79,44.89,0.0
2026-06-16T15:46:00.000Z,882.0,25.81,44.8,0.0
2026-06-16T15:47:00.000Z,880.0,25.83,44.75,0.0
2026-06-16T15:48:00.000Z,886.0,25.84,44.67,0.0
2026-06-16T15:49:00.000Z,910.0,25.84,44.38,0.0
2026-06-16T15:50:00.000Z,924.0,25.83,44.18,0.0
2026-06-16T15:51:00.000Z,924.0,25.84,44.16,0.0
2026-06-16T15:52:00.000Z,923.0,25.85,44.25,0.0
2026-06-16T15:53:00.000Z,919.0,25.86,44.31,0.0
2026-06-16T15:54:00.000Z,910.0,25.86,44.39,0.0
2026-06-16T15:55:00.000Z,894.0,25.86,44.37,0.0
2026-06-16T15:56:00.000Z,892.0,25.86,44.35,0.0
2026-06-16T15:57:00.000Z,885.0,25.87,44.48,0.0
2026-06-16T15:58:00.000Z,873.0,25.87,44.48,0.0
2026-06-16T15:59:00.000Z,878.0,25.88,44.2,0.0
2026-06-16T16:00:00.000Z,885.0,25.89,43.91,0.0
2026-06-16T16:01:00.000Z,893.0,25.91,43.77,0.0
2026-06-16T16:02:00.000Z,885.0,25.93,43.99,0.0
2026-06-16T16:03:00.000Z,876.0,25.94,44.02,0.0
2026-06-16T16:04:00.000Z,876.0,25.95,44.06,0.0
2026-06-16T16:05:00.000Z,875.0,25.96,44.07,0.0
2026-06-16T16:06:00.000Z,869.0,25.96,44.08,0.0
2026-06-16T16:07:00.000Z,861.0,25.98,44.05,0.0
2026-06-16T16:08:00.000Z,848.0,25.98,43.96,0.0
2026-06-16T16:09:00.000Z,837.0,26.01,43.88,0.0
2026-06-16T16:10:00.000Z,843.0,26.03,43.86,0.0
2026-06-16T16:11:00.000Z,849.0,26.05,43.77,0.0
2026-06-16T16:12:00.000Z,848.0,26.06,43.76,0.0
2026-06-16T16:13:00.000Z,841.0,26.07,43.77,0.0
2026-06-16T16:14:00.000Z,839.0,26.07,43.74,0.0
2026-06-16T16:15:00.000Z,839.0,26.07,43.7,0.0
2026-06-16T16:16:00.000Z,837.0,26.08,43.72,0.0
2026-06-16T16:17:00.000Z,830.0,26.07,43.69,0.0
2026-06-16T16:18:00.000Z,829.0,26.08,43.82,0.0
2026-06-16T16:19:00.000Z,824.0,26.08,43.81,0.0
2026-06-16T16:20:00.000Z,845.0,26.08,43.76,0.0
2026-06-16T16:21:00.000Z,849.0,26.07,43.78,0.0
2026-06-16T16:22:00.000Z,845.0,26.07,43.75,0.0
2026-06-16T16:23:00.000Z,863.0,26.09,43.72,0.0
2026-06-16T16:24:00.000Z,854.0,26.09,43.7,0.0
2026-06-16T16:25:00.000Z,842.0,26.1,43.68,0.0
2026-06-16T16:26:00.000Z,846.0,26.11,43.65,0.0
2026-06-16T16:27:00.000Z,856.0,26.11,43.62,0.0
2026-06-16T16:28:00.000Z,870.0,26.12,43.58,0.0
2026-06-16T16:29:00.000Z,874.0,26.13,43.58,0.0
2026-06-16T16:30:00.000Z,871.0,26.13,43.65,0.0
2026-06-16T16:31:00.000Z,883.0,26.13,43.61,0.0
2026-06-16T16:32:00.000Z,880.0,26.15,43.62,0.0
2026-06-16T16:33:00.000Z,877.0,26.15,43.58,0.0
2026-06-16T16:34:00.000Z,871.0,26.16,43.58,0.0
2026-06-16T16:35:00.000Z,876.0,26.17,43.55,0.0
2026-06-16T16:36:00.000Z,868.0,26.19,43.52,0.0
2026-06-16T16:37:00.000Z,862.0,26.2,43.5,0.0
2026-06-16T16:38:00.000Z,857.0,26.19,43.42,0.0
2026-06-16T16:39:00.000Z,847.0,26.19,43.38,0.0
2026-06-16T16:40:00.000Z,853.0,26.19,43.37,0.0
2026-06-16T16:41:00.000Z,869.0,26.21,43.36,0.0
2026-06-16T16:42:00.000Z,873.0,26.21,43.26,0.0
2026-06-16T16:43:00.000Z,871.0,26.22,43.23,0.0
2026-06-16T16:44:00.000Z,863.0,26.23,43.22,0.0
2026-06-16T16:45:00.000Z,847.0,26.24,43.17,0.0
2026-06-16T16:46:00.000Z,853.0,26.26,43.14,0.0
2026-06-16T16:47:00.000Z,855.0,26.26,43.13,0.0
2026-06-16T16:48:00.000Z,862.0,26.27,43.12,0.0
2026-06-16T16:49:00.000Z,864.0,26.29,43.02,0.0
2026-06-16T16:50:00.000Z,873.0,26.25,41.8,0.0
2026-06-16T16:51:00.000Z,857.0,26.16,41.36,0.0
2026-06-16T16:52:00.000Z,831.0,26.11,41.36,0.0
2026-06-16T16:53:00.000Z,779.0,26.0,41.36,0.0
2026-06-16T16:54:00.000Z,749.0,25.9,41.4,0.0
2026-06-16T16:55:00.000Z,715.0,25.82,41.43,0.0
2026-06-16T16:56:00.000Z,694.0,25.76,41.49,0.0
2026-06-16T16:57:00.000Z,685.0,25.71,41.54,0.0
2026-06-16T16:58:00.000Z,666.0,25.65,41.62,0.0
2026-06-16T16:59:00.000Z,655.0,25.62,41.73,0.0
2026-06-16T17:00:00.000Z,632.0,25.59,41.79,0.0
2026-06-16T17:01:00.000Z,617.0,25.53,41.89,0.0
2026-06-16T17:02:00.000Z,602.0,25.48,42.0,0.0
2026-06-16T17:03:00.000Z,596.0,25.44,42.14,0.0
2026-06-16T17:04:00.000Z,596.0,25.41,42.26,0.0
2026-06-16T17:05:00.000Z,591.0,25.4,42.32,0.0
2026-06-16T17:06:00.000Z,570.0,25.37,42.52,0.0
2026-06-16T17:07:00.000Z,558.0,25.35,42.67,0.0
2026-06-16T17:08:00.000Z,560.0,25.33,42.78,0.0
2026-06-16T17:09:00.000Z,556.0,25.32,42.83,0.0
2026-06-16T17:10:00.000Z,556.0,25.31,42.87,0.0
2026-06-16T17:11:00.000Z,541.0,25.28,42.91,0.0
2026-06-16T17:12:00.000Z,538.0,25.25,42.95,0.0
2026-06-16T17:13:00.000Z,540.0,25.23,42.98,0.0
2026-06-16T17:14:00.000Z,541.0,25.21,43.0,0.0
2026-06-16T17:15:00.000Z,544.0,25.19,43.02,0.0
2026-06-16T17:16:00.000Z,542.0,25.17,43.05,0.0
2026-06-16T17:17:00.000Z,541.0,25.16,43.07,0.0
2026-06-16T17:18:00.000Z,538.0,25.15,43.1,0.0
2026-06-16T17:19:00.000Z,529.0,25.14,43.15,0.0
2026-06-16T17:20:00.000Z,528.0,25.14,43.21,0.0
2026-06-16T17:21:00.000Z,505.0,25.12,43.28,0.0
2026-06-16T17:22:00.000Z,499.0,25.11,43.34,0.0
2026-06-16T17:23:00.000Z,499.0,25.1,43.42,0.0
2026-06-16T17:24:00.000Z,510.0,25.09,43.49,0.0
2026-06-16T17:25:00.000Z,489.0,25.08,43.54,0.0
2026-06-16T17:26:00.000Z,487.0,25.07,43.59,0.0
2026-06-16T17:27:00.000Z,491.0,25.07,43.62,0.0
2026-06-16T17:28:00.000Z,502.0,25.05,43.66,0.0
2026-06-16T17:29:00.000Z,515.0,25.05,43.72,0.0
2026-06-16T17:30:00.000Z,522.0,25.04,43.74,0.0
2026-06-16T17:31:00.000Z,516.0,25.04,43.79,0.0
2026-06-16T17:32:00.000Z,505.0,25.03,43.84,0.0
2026-06-16T17:33:00.000Z,496.0,25.03,43.91,0.0
2026-06-16T17:34:00.000Z,489.0,25.03,43.98,0.0
2026-06-16T17:35:00.000Z,497.0,25.02,44.03,0.0
2026-06-16T17:36:00.000Z,503.0,25.01,44.09,0.0
2026-06-16T17:37:00.000Z,502.0,24.99,44.15,0.0
2026-06-16T17:38:00.000Z,511.0,24.99,44.21,0.0
2026-06-16T17:39:00.000Z,515.0,24.99,44.26,0.0
2026-06-16T17:40:00.000Z,515.0,24.98,44.29,0.0
2026-06-16T17:41:00.000Z,520.0,24.97,44.32,0.0
2026-06-16T17:42:00.000Z,524.0,24.95,44.36,0.0
2026-06-16T17:43:00.000Z,522.0,24.94,44.39,0.0
2026-06-16T17:44:00.000Z,524.0,24.94,44.42,0.0
2026-06-16T17:45:00.000Z,519.0,24.92,44.45,0.0
2026-06-16T17:46:00.000Z,519.0,24.92,44.51,0.0
2026-06-16T17:47:00.000Z,524.0,24.92,44.55,0.0
2026-06-16T17:48:00.000Z,517.0,24.91,44.56,0.0
2026-06-16T17:49:00.000Z,514.0,24.89,44.59,0.0
2026-06-16T17:50:00.000Z,512.0,24.89,44.64,0.0
2026-06-16T17:51:00.000Z,500.0,24.89,44.69,0.0
2026-06-16T17:52:00.000Z,495.0,24.89,44.73,0.0
2026-06-16T17:53:00.000Z,481.0,24.89,44.76,0.0
2026-06-16T17:54:00.000Z,476.0,24.88,44.78,0.0
2026-06-16T17:55:00.000Z,473.0,24.87,44.8,0.0
2026-06-16T17:56:00.000Z,470.0,24.86,44.85,0.0
2026-06-16T17:57:00.000Z,471.0,24.85,44.88,0.0
2026-06-16T17:58:00.000Z,469.0,24.85,44.92,0.0
2026-06-16T17:59:00.000Z,476.0,24.83,44.94,0.0
2026-06-16T18:00:00.000Z,477.0,24.82,44.97,0.0
2026-06-16T18:01:00.000Z,481.0,24.8,45.02,0.0
2026-06-16T18:02:00.000Z,473.0,24.79,45.07,0.0
2026-06-16T18:03:00.000Z,469.0,24.77,45.11,0.0
2026-06-16T18:04:00.000Z,467.0,24.76,45.17,0.0
2026-06-16T18:05:00.000Z,473.0,24.74,45.24,0.0
2026-06-16T18:06:00.000Z,499.0,24.74,45.3,0.0
2026-06-16T18:07:00.000Z,520.0,24.73,45.35,0.0
2026-06-16T18:08:00.000Z,520.0,24.72,45.38,0.0
2026-06-16T18:09:00.000Z,524.0,24.72,45.39,1.0
2026-06-16T18:10:00.000Z,517.0,24.71,45.41,1.0
2026-06-16T18:11:00.000Z,512.0,24.7,45.47,0.0
2026-06-16T18:12:00.000Z,493.0,24.71,45.51,0.0
2026-06-16T18:13:00.000Z,496.0,24.7,45.52,0.0
2026-06-16T18:14:00.000Z,511.0,24.71,45.55,1.0
2026-06-16T18:15:00.000Z,507.0,24.71,45.58,0.0
2026-06-16T18:16:00.000Z,498.0,24.71,45.61,0.0
2026-06-16T18:17:00.000Z,502.0,24.71,45.67,0.0
2026-06-16T18:18:00.000Z,515.0,24.71,45.71,1.0
2026-06-16T18:19:00.000Z,523.0,24.71,45.74,1.0
2026-06-16T18:20:00.000Z,532.0,24.72,45.77,1.0
2026-06-16T18:21:00.000Z,529.0,24.72,45.8,1.0
2026-06-16T18:22:00.000Z,518.0,24.71,45.84,1.0
2026-06-16T18:23:00.000Z,532.0,24.7,45.9,1.0
2026-06-16T18:24:00.000Z,533.0,24.71,45.95,1.0
2026-06-16T18:25:00.000Z,536.0,24.71,45.97,1.0
2026-06-16T18:26:00.000Z,535.0,24.71,46.02,1.0
2026-06-16T18:27:00.000Z,534.0,24.71,46.06,1.0
2026-06-16T18:28:00.000Z,544.0,24.71,46.08,1.0
2026-06-16T18:29:00.000Z,545.0,24.71,46.08,1.0
2026-06-16T18:30:00.000Z,537.0,24.7,46.12,1.0
2026-06-16T18:31:00.000Z,522.0,24.7,46.13,1.0
2026-06-16T18:32:00.000Z,524.0,24.68,46.16,1.0
2026-06-16T18:33:00.000Z,531.0,24.68,46.19,1.0
2026-06-16T18:34:00.000Z,541.0,24.68,46.21,1.0
2026-06-16T18:35:00.000Z,551.0,24.66,46.23,1.0
2026-06-16T18:36:00.000Z,559.0,24.64,46.24,0.0
2026-06-16T18:37:00.000Z,545.0,24.64,46.27,1.0
2026-06-16T18:38:00.000Z,541.0,24.63,46.32,1.0
2026-06-16T18:39:00.000Z,532.0,24.62,46.37,1.0
2026-06-16T18:40:00.000Z,525.0,24.61,46.38,1.0
2026-06-16T18:41:00.000Z,526.0,24.6,46.42,1.0
2026-06-16T18:42:00.000Z,520.0,24.6,46.44,1.0
2026-06-16T18:43:00.000Z,528.0,24.6,46.5,1.0
2026-06-16T18:44:00.000Z,541.0,24.59,46.52,1.0
2026-06-16T18:45:00.000Z,541.0,24.58,46.56,1.0
2026-06-16T18:46:00.000Z,543.0,24.58,46.62,0.0
2026-06-16T18:47:00.000Z,548.0,24.57,46.67,0.0
2026-06-16T18:48:00.000Z,529.0,24.56,46.69,1.0
2026-06-16T18:49:00.000Z,517.0,24.57,46.73,1.0
2026-06-16T18:50:00.000Z,517.0,24.57,46.81,1.0
2026-06-16T18:51:00.000Z,505.0,24.57,46.86,1.0
2026-06-16T18:52:00.000Z,490.0,24.57,46.87,1.0
2026-06-16T18:53:00.000Z,480.0,24.55,46.91,1.0
2026-06-16T18:54:00.000Z,492.0,24.55,46.95,1.0
2026-06-16T18:55:00.000Z,515.0,24.54,47.01,1.0
2026-06-16T18:56:00.000Z,514.0,24.53,47.04,1.0
2026-06-16T18:57:00.000Z,520.0,24.52,47.06,1.0
2026-06-16T18:58:00.000Z,531.0,24.5,47.07,1.0
2026-06-16T18:59:00.000Z,531.0,24.5,47.09,1.0
2026-06-16T19:00:00.000Z,524.0,24.49,47.13,1.0
2026-06-16T19:01:00.000Z,529.0,24.48,47.17,1.0
2026-06-16T19:02:00.000Z,532.0,24.48,47.2,1.0
2026-06-16T19:03:00.000Z,528.0,24.48,47.21,1.0
2026-06-16T19:04:00.000Z,521.0,24.46,47.23,1.0
2026-06-16T19:05:00.000Z,507.0,24.46,47.27,1.0
2026-06-16T19:06:00.000Z,499.0,24.44,47.31,1.0
2026-06-16T19:07:00.000Z,493.0,24.43,47.34,0.0
2026-06-16T19:08:00.000Z,489.0,24.42,47.38,1.0
2026-06-16T19:09:00.000Z,500.0,24.41,47.43,0.0
2026-06-16T19:10:00.000Z,502.0,24.4,47.47,1.0
2026-06-16T19:11:00.000Z,513.0,24.4,47.49,1.0
2026-06-16T19:12:00.000Z,511.0,24.39,47.53,1.0
2026-06-16T19:13:00.000Z,512.0,24.39,47.56,1.0
2026-06-16T19:14:00.000Z,516.0,24.39,47.62,0.0
2026-06-16T19:15:00.000Z,513.0,24.38,47.66,0.0
2026-06-16T19:16:00.000Z,516.0,24.36,47.7,0.0
2026-06-16T19:17:00.000Z,521.0,24.35,47.73,0.0
2026-06-16T19:18:00.000Z,505.0,24.34,47.79,1.0
2026-06-16T19:19:00.000Z,505.0,24.32,47.84,1.0
2026-06-16T19:20:00.000Z,515.0,24.3,47.88,1.0
2026-06-16T19:21:00.000Z,513.0,24.3,47.94,1.0
2026-06-16T19:22:00.000Z,509.0,24.29,47.99,1.0
2026-06-16T19:23:00.000Z,516.0,24.28,48.04,1.0
2026-06-16T19:24:00.000Z,518.0,24.28,48.08,1.0
2026-06-16T19:25:00.000Z,507.0,24.28,48.12,1.0
2026-06-16T19:26:00.000Z,505.0,24.27,48.17,1.0
2026-06-16T19:27:00.000Z,512.0,24.27,48.21,1.0
2026-06-16T19:28:00.000Z,513.0,24.26,48.26,1.0
2026-06-16T19:29:00.000Z,510.0,24.25,48.28,1.0
2026-06-16T19:30:00.000Z,489.0,24.24,48.31,1.0
2026-06-16T19:31:00.000Z,484.0,24.24,48.34,1.0
2026-06-16T19:32:00.000Z,488.0,24.24,48.38,1.0
2026-06-16T19:33:00.000Z,480.0,24.24,48.41,1.0
2026-06-16T19:34:00.000Z,476.0,24.23,48.44,1.0
2026-06-16T19:35:00.000Z,480.0,24.21,48.49,1.0
2026-06-16T19:36:00.000Z,485.0,24.22,48.53,1.0
2026-06-16T19:37:00.000Z,502.0,24.22,48.57,1.0
2026-06-16T19:38:00.000Z,517.0,24.22,48.59,1.0
2026-06-16T19:39:00.000Z,523.0,24.22,48.61,1.0
2026-06-16T19:40:00.000Z,540.0,24.24,48.66,1.0
2026-06-16T19:41:00.000Z,534.0,24.24,48.75,1.0
2026-06-16T19:42:00.000Z,533.0,24.24,48.79,2.0
2026-06-16T19:43:00.000Z,529.0,24.25,48.82,1.0
2026-06-16T19:44:00.000Z,516.0,24.25,48.79,2.0
2026-06-16T19:45:00.000Z,516.0,24.24,48.8,2.0
2026-06-16T19:46:00.000Z,519.0,24.23,48.79,2.0
2026-06-16T19:47:00.000Z,528.0,24.21,48.83,2.0
2026-06-16T19:48:00.000Z,533.0,24.21,48.86,2.0
2026-06-16T19:49:00.000Z,520.0,24.22,48.9,1.0
2026-06-16T19:50:00.000Z,520.0,24.21,48.96,1.0
2026-06-16T19:51:00.000Z,519.0,24.2,49.05,1.0
2026-06-16T19:52:00.000Z,502.0,24.2,49.05,1.0
2026-06-16T19:53:00.000Z,505.0,24.19,49.06,1.0
2026-06-16T19:54:00.000Z,508.0,24.18,49.06,1.0
2026-06-16T19:55:00.000Z,490.0,24.18,49.04,1.0
2026-06-16T19:56:00.000Z,486.0,24.17,49.05,1.0
2026-06-16T19:57:00.000Z,489.0,24.16,49.07,1.0
2026-06-16T19:58:00.000Z,500.0,24.16,49.06,1.0
2026-06-16T19:59:00.000Z,497.0,24.15,49.06,0.0
2026-06-16T20:00:00.000Z,491.0,24.14,49.08,1.0
2026-06-16T20:01:00.000Z,492.0,24.14,49.1,1.0
2026-06-16T20:02:00.000Z,489.0,24.13,49.13,1.0
2026-06-16T20:03:00.000Z,497.0,24.13,49.11,1.0
2026-06-16T20:04:00.000Z,501.0,24.12,49.1,1.0
2026-06-16T20:05:00.000Z,514.0,24.12,49.11,1.0
2026-06-16T20:06:00.000Z,514.0,24.12,49.08,1.0
2026-06-16T20:07:00.000Z,504.0,24.11,49.1,1.0
2026-06-16T20:08:00.000Z,505.0,24.11,49.11,1.0
2026-06-16T20:09:00.000Z,523.0,24.1,49.1,1.0
2026-06-16T20:10:00.000Z,531.0,24.09,49.07,1.0
2026-06-16T20:11:00.000Z,521.0,24.08,49.06,1.0
2026-06-16T20:12:00.000Z,516.0,24.07,49.04,1.0
2026-06-16T20:13:00.000Z,524.0,24.06,49.05,1.0
2026-06-16T20:14:00.000Z,523.0,24.06,49.06,1.0
2026-06-16T20:15:00.000Z,512.0,24.05,49.05,0.0
2026-06-16T20:16:00.000Z,501.0,24.04,49.02,0.0
2026-06-16T20:17:00.000Z,503.0,24.05,49.02,0.0
2026-06-16T20:18:00.000Z,507.0,24.04,48.97,0.0
2026-06-16T20:19:00.000Z,514.0,24.02,48.94,1.0
2026-06-16T20:20:00.000Z,524.0,24.01,48.91,1.0
2026-06-16T20:21:00.000Z,521.0,24.01,48.86,1.0
2026-06-16T20:22:00.000Z,527.0,24.0,48.79,1.0
2026-06-16T20:23:00.000Z,544.0,24.0,48.73,0.0
2026-06-16T20:24:00.000Z,538.0,23.98,48.66,0.0
2026-06-16T20:25:00.000Z,526.0,23.96,48.6,0.0
2026-06-16T20:26:00.000Z,529.0,23.95,48.47,1.0
2026-06-16T20:27:00.000Z,521.0,23.94,48.45,0.0
2026-06-16T20:28:00.000Z,518.0,23.93,48.47,0.0
2026-06-16T20:29:00.000Z,523.0,23.91,48.44,0.0
2026-06-16T20:30:00.000Z,529.0,23.9,48.37,0.0
2026-06-16T20:31:00.000Z,531.0,23.9,48.34,0.0
2026-06-16T20:32:00.000Z,533.0,23.9,48.31,0.0
2026-06-16T20:33:00.000Z,535.0,23.89,48.28,1.0
2026-06-16T20:34:00.000Z,538.0,23.88,48.29,1.0
2026-06-16T20:35:00.000Z,532.0,23.86,48.11,1.0
2026-06-16T20:36:00.000Z,507.0,23.85,48.07,1.0
2026-06-16T20:37:00.000Z,500.0,23.84,48.05,1.0
2026-06-16T20:38:00.000Z,486.0,23.84,48.05,0.0
2026-06-16T20:39:00.000Z,484.0,23.83,48.04,0.0
2026-06-16T20:40:00.000Z,491.0,23.82,48.01,0.0
2026-06-16T20:41:00.000Z,505.0,23.82,47.99,0.0
2026-06-16T20:42:00.000Z,517.0,23.81,47.96,0.0
2026-06-16T20:43:00.000Z,515.0,23.8,47.91,0.0
2026-06-16T20:44:00.000Z,511.0,23.8,47.93,0.0
2026-06-16T20:45:00.000Z,510.0,23.79,47.9,0.0
2026-06-16T20:46:00.000Z,505.0,23.78,47.84,0.0
2026-06-16T20:47:00.000Z,503.0,23.78,47.83,0.0
2026-06-16T20:48:00.000Z,503.0,23.78,47.85,0.0
2026-06-16T20:49:00.000Z,510.0,23.77,47.83,0.0
2026-06-16T20:50:00.000Z,512.0,23.77,47.87,0.0
2026-06-16T20:51:00.000Z,501.0,23.76,47.92,0.0
2026-06-16T20:52:00.000Z,501.0,23.76,47.91,0.0
2026-06-16T20:53:00.000Z,487.0,23.74,47.87,0.0
2026-06-16T20:54:00.000Z,491.0,23.74,47.85,0.0
2026-06-16T20:55:00.000Z,495.0,23.73,47.82,0.0
2026-06-16T20:56:00.000Z,498.0,23.72,47.82,0.0
2026-06-16T20:57:00.000Z,508.0,23.72,47.88,0.0
2026-06-16T20:58:00.000Z,522.0,23.71,47.88,0.0
2026-06-16T20:59:00.000Z,521.0,23.71,47.86,0.0
2026-06-16T21:00:00.000Z,501.0,23.69,47.86,0.0
2026-06-16T21:01:00.000Z,489.0,23.68,47.82,0.0
2026-06-16T21:02:00.000Z,484.0,23.67,47.83,0.0
2026-06-16T21:03:00.000Z,485.0,23.66,47.83,0.0
2026-06-16T21:04:00.000Z,490.0,23.65,47.88,0.0
2026-06-16T21:05:00.000Z,483.0,23.65,47.92,0.0
2026-06-16T21:06:00.000Z,468.0,23.66,47.96,0.0
2026-06-16T21:07:00.000Z,472.0,23.66,47.99,0.0
2026-06-16T21:08:00.000Z,472.0,23.66,47.99,0.0
2026-06-16T21:09:00.000Z,470.0,23.68,48.06,0.0
2026-06-16T21:10:00.000Z,449.0,23.68,48.1,0.0
2026-06-16T21:11:00.000Z,444.0,23.67,48.14,0.0
2026-06-16T21:12:00.000Z,443.0,23.68,48.15,0.0
2026-06-16T21:13:00.000Z,453.0,23.68,48.16,0.0
2026-06-16T21:14:00.000Z,467.0,23.68,48.15,0.0
2026-06-16T21:15:00.000Z,476.0,23.68,48.13,0.0
2026-06-16T21:16:00.000Z,488.0,23.68,48.09,0.0
2026-06-16T21:17:00.000Z,481.0,23.68,48.12,0.0
2026-06-16T21:18:00.000Z,472.0,23.68,48.13,0.0
2026-06-16T21:19:00.000Z,466.0,23.67,48.11,0.0
2026-06-16T21:20:00.000Z,466.0,23.67,48.13,0.0
2026-06-16T21:21:00.000Z,472.0,23.66,48.12,0.0
2026-06-16T21:22:00.000Z,473.0,23.66,48.11,0.0
2026-06-16T21:23:00.000Z,476.0,23.65,48.13,0.0
2026-06-16T21:24:00.000Z,482.0,23.63,48.17,0.0
2026-06-16T21:25:00.000Z,486.0,23.62,48.24,0.0
2026-06-16T21:26:00.000Z,489.0,23.62,48.25,0.0
2026-06-16T21:27:00.000Z,491.0,23.6,48.23,0.0
2026-06-16T21:28:00.000Z,492.0,23.59,48.26,0.0
2026-06-16T21:29:00.000Z,499.0,23.58,48.26,0.0
2026-06-16T21:30:00.000Z,510.0,23.57,48.25,0.0
2026-06-16T21:31:00.000Z,506.0,23.57,48.37,0.0
2026-06-16T21:32:00.000Z,501.0,23.54,48.36,0.0
2026-06-16T21:33:00.000Z,496.0,23.53,48.34,0.0
2026-06-16T21:34:00.000Z,496.0,23.53,48.35,0.0
2026-06-16T21:35:00.000Z,507.0,23.51,48.36,0.0
2026-06-16T21:36:00.000Z,522.0,23.49,48.36,0.0
2026-06-16T21:37:00.000Z,511.0,23.48,48.37,0.0
2026-06-16T21:38:00.000Z,498.0,23.47,48.37,0.0
2026-06-16T21:39:00.000Z,479.0,23.46,48.43,0.0
2026-06-16T21:40:00.000Z,480.0,23.44,48.48,0.0
2026-06-16T21:41:00.000Z,492.0,23.44,48.59,0.0
2026-06-16T21:42:00.000Z,498.0,23.44,48.64,0.0
2026-06-16T21:43:00.000Z,501.0,23.43,48.66,0.0
2026-06-16T21:44:00.000Z,502.0,23.42,48.69,0.0
2026-06-16T21:45:00.000Z,491.0,23.41,48.69,0.0
2026-06-16T21:46:00.000Z,478.0,23.4,48.78,0.0
2026-06-16T21:47:00.000Z,466.0,23.4,48.87,0.0
2026-06-16T21:48:00.000Z,473.0,23.4,49.0,0.0
2026-06-16T21:49:00.000Z,483.0,23.4,49.02,0.0
2026-06-16T21:50:00.000Z,488.0,23.4,49.03,0.0
2026-06-16T21:51:00.000Z,495.0,23.39,49.05,0.0
2026-06-16T21:52:00.000Z,500.0,23.39,49.07,0.0
2026-06-16T21:53:00.000Z,494.0,23.38,49.08,0.0
2026-06-16T21:54:00.000Z,495.0,23.38,49.11,0.0
2026-06-16T21:55:00.000Z,491.0,23.39,49.15,0.0
2026-06-16T21:56:00.000Z,475.0,23.39,49.27,0.0
2026-06-16T21:57:00.000Z,481.0,23.4,49.26,0.0
2026-06-16T21:58:00.000Z,488.0,23.4,49.24,0.0
2026-06-16T21:59:00.000Z,494.0,23.39,49.24,1.0
2026-06-16T22:00:00.000Z,501.0,23.4,49.28,1.0
2026-06-16T22:01:00.000Z,509.0,23.4,49.3,0.0
2026-06-16T22:02:00.000Z,506.0,23.4,49.34,1.0
2026-06-16T22:03:00.000Z,493.0,23.4,49.35,1.0
2026-06-16T22:04:00.000Z,474.0,23.39,49.4,1.0
2026-06-16T22:05:00.000Z,1294.0,26.25,49.37,0.0
2026-06-16T22:06:00.000Z,798.0,25.99,43.11,0.0
2026-06-16T22:07:00.000Z,678.0,25.59,43.49,1.0
2026-06-16T22:08:00.000Z,610.0,25.24,44.74,1.0
2026-06-16T22:09:00.000Z,3082.0,25.15,78.57,1.0
2026-06-16T22:10:00.000Z,974.0,25.24,46.5,3.0
2026-06-16T22:11:00.000Z,624.0,25.12,45.32,2.0
2026-06-16T22:12:00.000Z,593.0,24.97,45.85,1.0
2026-06-16T22:13:00.000Z,571.0,24.83,45.74,1.0
2026-06-16T22:14:00.000Z,559.0,24.68,46.21,1.0
2026-06-16T22:15:00.000Z,556.0,24.58,46.12,1.0
2026-06-16T22:16:00.000Z,549.0,24.49,46.31,1.0
2026-06-16T22:17:00.000Z,551.0,24.4,46.42,1.0
2026-06-16T22:18:00.000Z,558.0,24.33,46.5,0.0
2026-06-16T22:19:00.000Z,557.0,24.24,46.57,1.0
2026-06-16T22:20:00.000Z,562.0,24.17,46.69,1.0
2026-06-16T22:21:00.000Z,550.0,24.11,46.84,1.0
2026-06-16T22:22:00.000Z,537.0,24.05,46.93,1.0
2026-06-16T22:23:00.000Z,530.0,23.99,47.02,1.0
2026-06-16T22:24:00.000Z,512.0,23.93,47.23,1.0
2026-06-16T22:25:00.000Z,507.0,23.89,47.42,1.0
2026-06-16T22:26:00.000Z,513.0,23.86,47.56,1.0
2026-06-16T22:27:00.000Z,504.0,23.84,47.63,1.0
2026-06-16T22:28:00.000Z,518.0,23.83,47.75,1.0
2026-06-16T22:29:00.000Z,512.0,23.83,47.79,1.0
2026-06-16T22:30:00.000Z,519.0,23.83,47.82,1.0
2026-06-16T22:31:00.000Z,535.0,23.83,47.82,1.0
2026-06-16T22:32:00.000Z,549.0,23.85,47.83,1.0
2026-06-16T22:33:00.000Z,545.0,23.86,47.83,1.0
2026-06-16T22:34:00.000Z,569.0,23.89,48.51,1.0
2026-06-16T22:35:00.000Z,583.0,23.92,48.71,1.0
2026-06-16T22:36:00.000Z,595.0,23.94,48.9,1.0
2026-06-16T22:37:00.000Z,609.0,23.95,48.98,1.0
2026-06-16T22:38:00.000Z,611.0,23.97,49.07,1.0
2026-06-16T22:39:00.000Z,610.0,23.98,49.09,1.0
2026-06-16T22:40:00.000Z,603.0,24.0,49.1,1.0
2026-06-16T22:41:00.000Z,607.0,24.01,49.11,1.0
2026-06-16T22:42:00.000Z,611.0,24.02,49.11,1.0
2026-06-16T22:43:00.000Z,633.0,24.03,49.1,1.0
2026-06-16T22:44:00.000Z,651.0,24.04,49.08,1.0
2026-06-16T22:45:00.000Z,654.0,24.05,49.07,1.0
2026-06-16T22:46:00.000Z,668.0,24.06,49.02,1.0
2026-06-16T22:47:00.000Z,667.0,24.05,49.01,1.0
2026-06-16T22:48:00.000Z,649.0,24.01,49.02,1.0
2026-06-16T22:49:00.000Z,644.0,23.97,49.04,1.0
2026-06-16T22:50:00.000Z,630.0,23.94,49.08,1.0
2026-06-16T22:51:00.000Z,622.0,23.9,49.1,1.0
2026-06-16T22:52:00.000Z,619.0,23.87,49.16,1.0
2026-06-16T22:53:00.000Z,611.0,23.82,49.19,1.0
2026-06-16T22:54:00.000Z,612.0,23.81,49.3,1.0
2026-06-16T22:55:00.000Z,599.0,23.8,49.3,1.0
2026-06-16T22:56:00.000Z,589.0,23.8,49.32,1.0
2026-06-16T22:57:00.000Z,590.0,23.81,49.33,1.0
2026-06-16T22:58:00.000Z,596.0,23.82,49.32,1.0
2026-06-16T22:59:00.000Z,602.0,23.83,49.33,1.0
2026-06-16T23:00:00.000Z,594.0,23.84,49.33,1.0
2026-06-16T23:01:00.000Z,594.0,23.86,49.32,1.0
2026-06-16T23:02:00.000Z,597.0,23.88,49.32,1.0
2026-06-16T23:03:00.000Z,595.0,23.9,49.29,1.0
2026-06-16T23:04:00.000Z,598.0,23.91,49.25,1.0
2026-06-16T23:05:00.000Z,597.0,23.93,49.21,1.0
2026-06-16T23:06:00.000Z,604.0,23.95,49.04,1.0
2026-06-16T23:07:00.000Z,609.0,23.96,48.94,1.0
2026-06-16T23:08:00.000Z,632.0,23.98,48.88,1.0
2026-06-16T23:09:00.000Z,641.0,23.99,48.7,1.0
2026-06-16T23:10:00.000Z,647.0,24.01,48.5,0.0
2026-06-16T23:11:00.000Z,656.0,24.03,48.47,0.0
2026-06-16T23:12:00.000Z,656.0,24.05,48.32,0.0
2026-06-16T23:13:00.000Z,656.0,24.06,48.23,0.0
2026-06-16T23:14:00.000Z,672.0,24.08,48.2,0.0
2026-06-16T23:15:00.000Z,669.0,24.1,48.14,0.0
2026-06-16T23:16:00.000Z,659.0,24.12,48.01,0.0
2026-06-16T23:17:00.000Z,667.0,24.13,47.99,0.0
2026-06-16T23:18:00.000Z,676.0,24.14,47.89,0.0
2026-06-16T23:19:00.000Z,693.0,24.16,47.85,0.0
2026-06-16T23:20:00.000Z,706.0,24.17,47.9,0.0
2026-06-16T23:21:00.000Z,697.0,24.18,47.82,1.0
2026-06-16T23:22:00.000Z,673.0,24.2,47.73,1.0
2026-06-16T23:23:00.000Z,665.0,24.21,47.64,1.0
2026-06-16T23:24:00.000Z,682.0,24.23,47.62,1.0
2026-06-16T23:25:00.000Z,693.0,24.24,47.48,0.0
2026-06-16T23:26:00.000Z,689.0,24.26,47.35,0.0
2026-06-16T23:27:00.000Z,683.0,24.27,47.34,0.0
2026-06-16T23:28:00.000Z,698.0,24.28,47.37,0.0
2026-06-16T23:29:00.000Z,712.0,24.29,47.36,0.0
2026-06-16T23:30:00.000Z,732.0,24.3,47.38,0.0
2026-06-16T23:31:00.000Z,743.0,24.32,47.35,0.0
2026-06-16T23:32:00.000Z,740.0,24.33,47.34,0.0
2026-06-16T23:33:00.000Z,742.0,24.34,47.29,0.0
2026-06-16T23:34:00.000Z,742.0,24.35,47.28,0.0
2026-06-16T23:35:00.000Z,737.0,24.36,47.24,0.0
2026-06-16T23:36:00.000Z,727.0,24.37,47.18,0.0
2026-06-16T23:37:00.000Z,724.0,24.38,47.14,0.0
2026-06-16T23:38:00.000Z,737.0,24.4,47.12,0.0
2026-06-16T23:39:00.000Z,739.0,24.41,47.02,0.0
2026-06-16T23:40:00.000Z,732.0,24.42,46.93,0.0
2026-06-16T23:41:00.000Z,732.0,24.43,46.98,0.0
2026-06-16T23:42:00.000Z,742.0,24.44,47.06,0.0
2026-06-16T23:43:00.000Z,754.0,24.45,47.1,0.0
2026-06-16T23:44:00.000Z,770.0,24.46,47.1,0.0
2026-06-16T23:45:00.000Z,774.0,24.44,47.09,0.0
2026-06-16T23:46:00.000Z,775.0,24.41,47.1,0.0
2026-06-16T23:47:00.000Z,779.0,24.39,47.12,0.0
2026-06-16T23:48:00.000Z,792.0,24.39,47.15,0.0
2026-06-16T23:49:00.000Z,796.0,24.43,47.17,0.0
2026-06-16T23:50:00.000Z,787.0,24.48,47.16,0.0
2026-06-16T23:51:00.000Z,773.0,24.53,47.09,0.0
2026-06-16T23:52:00.000Z,769.0,24.59,46.99,0.0
2026-06-16T23:53:00.000Z,776.0,24.61,47.04,0.0
2026-06-16T23:54:00.000Z,801.0,24.63,47.03,0.0
2026-06-16T23:55:00.000Z,813.0,24.67,47.01,0.0
2026-06-16T23:56:00.000Z,820.0,24.7,47.01,0.0
2026-06-16T23:57:00.000Z,817.0,24.73,47.03,0.0
2026-06-16T23:58:00.000Z,832.0,24.73,47.04,0.0
2026-06-16T23:59:00.000Z,850.0,24.74,47.03,0.0
2026-06-17T00:00:00.000Z,871.0,24.76,47.05,0.0
2026-06-17T00:01:00.000Z,880.0,24.79,46.92,0.0
2026-06-17T00:02:00.000Z,854.0,24.83,46.81,0.0
2026-06-17T00:03:00.000Z,832.0,24.87,46.74,0.0
2026-06-17T00:04:00.000Z,819.0,24.89,46.69,0.0
2026-06-17T00:05:00.000Z,807.0,24.93,46.67,0.0
2026-06-17T00:06:00.000Z,807.0,24.95,46.66,0.0
2026-06-17T00:07:00.000Z,816.0,24.96,46.67,0.0
2026-06-17T00:08:00.000Z,817.0,24.97,46.74,0.0
2026-06-17T00:09:00.000Z,821.0,24.98,46.73,0.0
2026-06-17T00:10:00.000Z,820.0,25.0,46.72,0.0
2026-06-17T00:11:00.000Z,826.0,25.02,46.72,0.0
2026-06-17T00:12:00.000Z,823.0,25.05,46.64,0.0
2026-06-17T00:13:00.000Z,802.0,25.07,46.62,0.0
2026-06-17T00:14:00.000Z,823.0,25.07,46.66,0.0
2026-06-17T00:15:00.000Z,839.0,25.08,46.68,0.0
2026-06-17T00:16:00.000Z,842.0,25.07,46.54,0.0
2026-06-17T00:17:00.000Z,805.0,25.05,46.67,0.0
2026-06-17T00:18:00.000Z,782.0,25.01,46.8,1.0
2026-06-17T00:19:00.000Z,753.0,24.98,46.85,1.0
2026-06-17T00:20:00.000Z,715.0,24.94,46.95,1.0
2026-06-17T00:21:00.000Z,684.0,24.93,47.1,1.0
2026-06-17T00:22:00.000Z,666.0,24.92,47.12,1.0
2026-06-17T00:23:00.000Z,643.0,24.88,47.16,2.0
2026-06-17T00:24:00.000Z,617.0,24.83,47.19,2.0
2026-06-17T00:25:00.000Z,604.0,24.78,47.26,2.0
2026-06-17T00:26:00.000Z,595.0,24.73,47.31,2.0
2026-06-17T00:27:00.000Z,574.0,24.68,47.37,2.0
2026-06-17T00:28:00.000Z,575.0,24.65,47.44,2.0
2026-06-17T00:29:00.000Z,575.0,24.61,47.51,2.0
2026-06-17T00:30:00.000Z,555.0,24.57,47.61,2.0
2026-06-17T00:31:00.000Z,530.0,24.53,47.71,2.0
2026-06-17T00:32:00.000Z,533.0,24.49,47.81,2.0
2026-06-17T00:33:00.000Z,505.0,24.45,47.95,2.0
2026-06-17T00:34:00.000Z,493.0,24.42,48.05,3.0
2026-06-17T00:35:00.000Z,477.0,24.37,48.14,2.0
2026-06-17T00:36:00.000Z,487.0,24.33,48.24,2.0
2026-06-17T00:37:00.000Z,493.0,24.3,48.31,2.0
2026-06-17T00:38:00.000Z,505.0,24.28,48.38,2.0
2026-06-17T00:39:00.000Z,518.0,24.25,48.46,2.0
2026-06-17T00:40:00.000Z,516.0,24.22,48.53,2.0
2026-06-17T00:41:00.000Z,518.0,24.19,48.6,2.0
2026-06-17T00:42:00.000Z,518.0,24.16,48.68,2.0
2026-06-17T00:43:00.000Z,519.0,24.14,48.77,2.0
2026-06-17T00:44:00.000Z,511.0,24.11,48.83,2.0
2026-06-17T00:45:00.000Z,514.0,24.09,48.89,2.0
2026-06-17T00:46:00.000Z,497.0,24.07,48.95,2.0
2026-06-17T00:47:00.000Z,482.0,24.05,49.02,2.0
2026-06-17T00:48:00.000Z,464.0,24.03,49.09,2.0
2026-06-17T00:49:00.000Z,457.0,24.01,49.13,2.0
2026-06-17T00:50:00.000Z,466.0,23.99,49.17,3.0
2026-06-17T00:51:00.000Z,470.0,23.96,49.22,3.0
2026-06-17T00:52:00.000Z,472.0,23.94,49.28,2.0
